0,0,32,0.0,5.45832,0.0,0.0,8.317440000000001,0.0,0.0,4.158720000000001,0.0,2.0793600000000003,0.0,8.317440000000001,0.0,0.0,2.0793600000000003,0.0,8.317440000000001,0.0,0.0,3.2294400000000003,0.0,3.2294400000000003,0.13456,0.0,0.0,3.2294400000000003,0.0,6.458880000000001,0.0,0.0,1.6147200000000002,0.0,6.458880000000001,0.0,0.0,6.458880000000001,0.0,3.2294400000000003,0.0,128.70143999999993,0.0,0.3722226853433096,0.0,0.0,0.443263859243137,0.0,0.0,0.537702787514404,0.0,0.45044475850287985,0.0,0.443263859243137,0.0,0.0,0.5211563824161014,0.0,0.443263859243137,0.0,0.0,0.5507793964704805,0.0,0.893432605545443,0.0917075795548139,0.0,0.0,0.893432605545443,0.0,0.9857145101042493,0.0,0.0,0.9397349186449317,0.0,0.9634292286100711,0.0,0.0,0.9857145101042493,0.0,0.893432605545443,0.0,10.984068577857604,0.0,0.0,0.10396999999999999,0.051986000000000004,0.07797799999999999,0.051986000000000004,0.0,0.025994,0.051986000000000004,0.07797799999999999,0.051986000000000004,0.051986000000000004,0.0,0.0,0.07797799999999999,0.051986000000000004,0.051986000000000004,0.025994,0.0,0.039450000000000006,0.039450000000000006,0.039450000000000006,0.026913999999999997,0.013458,0.026913999999999997,0.0,0.026913999999999997,0.026913999999999997,0.0,0.026913999999999997,0.040369999999999996,0.026913999999999997,0.026913999999999997,0.0,0.026913999999999997,0.040369999999999996,0.026913999999999997,0.026913999999999997,0.013458,2e-06,0.0,0.0,8.647642368000001e-06,2.1619521792000002e-06,4.8643300224e-06,2.1619521792000002e-06,0.0,5.405088384e-07,2.1619521792000002e-06,4.8643300224e-06,2.1619521792000002e-06,2.1619521792000002e-06,0.0,0.0,4.8643300224e-06,2.1619521792000002e-06,2.1619521792000002e-06,5.405088384e-07,0.0,1.2449788800000002e-06,1.2449788800000002e-06,1.2449788800000002e-06,5.794476544e-07,1.448726784e-07,5.794476544e-07,0.0,5.794476544e-07,5.794476544e-07,0.0,5.794476544e-07,1.303724928e-06,5.794476544e-07,5.794476544e-07,0.0,5.794476544e-07,1.303724928e-06,5.794476544e-07,5.794476544e-07,1.448726784e-07,0.0,input,/conv1/Conv,/relu/Relu,/maxpool/MaxPool,/layer1/layer1.0/conv1/Conv,/layer1/layer1.0/relu/Relu,/layer1/layer1.0/relu/Relu,/layer1/layer1.0/Add,/layer1/layer1.0/relu_1/Relu,/layer1/layer1.1/conv1/Conv,/layer1/layer1.1/relu/Relu,/layer1/layer1.1/conv2/Conv,/layer1/layer1.1/Add,/layer1/layer1.1/relu_1/Relu,/layer1/layer1.2/conv1/Conv,/layer1/layer1.2/relu/Relu,/layer1/layer1.2/conv2/Conv,/layer1/layer1.2/Add,/layer1/layer1.2/relu_1/Relu,/layer2/layer2.0/conv1/Conv,/layer2/layer2.0/relu/Relu,/layer2/layer2.0/conv2/Conv,/layer2/layer2.0/downsample/downsample.0/Conv,/layer2/layer2.0/Add,/layer2/layer2.0/relu_1/Relu,/layer2/layer2.1/conv1/Conv,/layer2/layer2.1/relu/Relu,/layer2/layer2.1/conv2/Conv,/layer2/layer2.1/conv2/Conv,/layer2/layer2.1/relu_1/Relu,/layer2/layer2.2/conv1/Conv,/layer2/layer2.2/relu/Relu,/layer2/layer2.2/conv2/Conv,/layer2/layer2.2/conv2/Conv,/layer2/layer2.2/relu_1/Relu,/layer2/layer2.3/conv1/Conv,/layer2/layer2.3/relu/Relu,/layer2/layer2.3/conv2/Conv,/layer2/layer2.3/Add,1,1,3,4,1,2,3,4,1,2,3,1,1,1,3,4,1,2,2,4,1,2,3,4,2,2,3,4,1,2,3,4,1,2,3,4,1,2,3,1,202.72214199999993,21.3928166114126,4.963439306071479,1.2489420000000004,5.18819237632e-05,0.8072509765625,nondom
1,0,32,0.0,5.45832,0.0,0.0,8.317440000000001,0.0,0.0,4.158720000000001,0.0,2.0793600000000003,0.0,2.0793600000000003,0.0,0.0,2.0793600000000003,0.0,8.317440000000001,0.0,0.0,3.2294400000000003,0.0,3.2294400000000003,0.13456,0.0,0.0,3.2294400000000003,0.0,6.458880000000001,0.0,0.0,1.6147200000000002,0.0,6.458880000000001,0.0,0.0,6.458880000000001,0.0,3.2294400000000003,0.0,128.70143999999993,0.0,0.3722226853433096,0.0,0.0,0.443263859243137,0.0,0.0,0.537702787514404,0.0,0.45044475850287985,0.0,0.5211563824161014,0.0,0.0,0.5211563824161014,0.0,0.443263859243137,0.0,0.0,0.5507793964704805,0.0,0.893432605545443,0.0917075795548139,0.0,0.0,0.893432605545443,0.0,0.9857145101042493,0.0,0.0,0.9397349186449317,0.0,0.9634292286100711,0.0,0.0,0.9857145101042493,0.0,0.893432605545443,0.0,10.984068577857604,0.0,0.0,0.10396999999999999,0.051986000000000004,0.07797799999999999,0.051986000000000004,0.0,0.025994,0.051986000000000004,0.07797799999999999,0.051986000000000004,0.0,0.025994,0.0,0.07797799999999999,0.051986000000000004,0.051986000000000004,0.025994,0.0,0.039450000000000006,0.039450000000000006,0.039450000000000006,0.026913999999999997,0.013458,0.026913999999999997,0.0,0.026913999999999997,0.026913999999999997,0.0,0.026913999999999997,0.040369999999999996,0.026913999999999997,0.026913999999999997,0.0,0.026913999999999997,0.040369999999999996,0.026913999999999997,0.026913999999999997,0.013458,2e-06,0.0,0.0,8.647642368000001e-06,2.1619521792000002e-06,4.8643300224e-06,2.1619521792000002e-06,0.0,5.405088384e-07,2.1619521792000002e-06,4.8643300224e-06,2.1619521792000002e-06,0.0,5.405088384e-07,0.0,4.8643300224e-06,2.1619521792000002e-06,2.1619521792000002e-06,5.405088384e-07,0.0,1.2449788800000002e-06,1.2449788800000002e-06,1.2449788800000002e-06,5.794476544e-07,1.448726784e-07,5.794476544e-07,0.0,5.794476544e-07,5.794476544e-07,0.0,5.794476544e-07,1.303724928e-06,5.794476544e-07,5.794476544e-07,0.0,5.794476544e-07,1.303724928e-06,5.794476544e-07,5.794476544e-07,1.448726784e-07,0.0,input,/conv1/Conv,/relu/Relu,/maxpool/MaxPool,/layer1/layer1.0/conv1/Conv,/layer1/layer1.0/relu/Relu,/layer1/layer1.0/relu/Relu,/layer1/layer1.0/Add,/layer1/layer1.0/relu_1/Relu,/layer1/layer1.1/conv1/Conv,/layer1/layer1.1/relu/Relu,/layer1/layer1.1/conv2/Conv,/layer1/layer1.1/Add,/layer1/layer1.1/relu_1/Relu,/layer1/layer1.2/conv1/Conv,/layer1/layer1.2/relu/Relu,/layer1/layer1.2/conv2/Conv,/layer1/layer1.2/Add,/layer1/layer1.2/relu_1/Relu,/layer2/layer2.0/conv1/Conv,/layer2/layer2.0/relu/Relu,/layer2/layer2.0/conv2/Conv,/layer2/layer2.0/downsample/downsample.0/Conv,/layer2/layer2.0/Add,/layer2/layer2.0/relu_1/Relu,/layer2/layer2.1/conv1/Conv,/layer2/layer2.1/relu/Relu,/layer2/layer2.1/conv2/Conv,/layer2/layer2.1/conv2/Conv,/layer2/layer2.1/relu_1/Relu,/layer2/layer2.2/conv1/Conv,/layer2/layer2.2/relu/Relu,/layer2/layer2.2/conv2/Conv,/layer2/layer2.2/conv2/Conv,/layer2/layer2.2/relu_1/Relu,/layer2/layer2.3/conv1/Conv,/layer2/layer2.3/relu/Relu,/layer2/layer2.3/conv2/Conv,/layer2/layer2.3/Add,1,1,3,4,1,2,3,4,1,2,3,3,1,1,3,4,1,2,2,4,1,2,3,4,2,2,3,4,1,2,3,4,1,2,3,4,1,2,3,1,196.45806999999994,21.470707513142223,5.1220292742412346,1.2229500000000002,5.02604804224e-05,0.8072509765625,nondom
2,0,31,0.0,5.45832,0.0,0.0,8.317440000000001,0.0,0.0,4.158720000000001,0.0,2.0793600000000003,0.0,8.317440000000001,0.0,0.0,2.0793600000000003,0.0,8.317440000000001,0.0,0.0,3.2294400000000003,0.0,6.458880000000001,0.13456,0.0,0.0,3.2294400000000003,0.0,6.458880000000001,0.0,0.0,1.6147200000000002,0.0,6.458880000000001,0.0,0.0,6.458880000000001,0.0,3.2294400000000003,0.0,128.70143999999993,0.0,0.3722226853433096,0.0,0.0,0.443263859243137,0.0,0.0,0.537702787514404,0.0,0.45044475850287985,0.0,0.443263859243137,0.0,0.0,0.5211563824161014,0.0,0.443263859243137,0.0,0.0,0.5507793964704805,0.0,0.9634292286100711,0.0917075795548139,0.0,0.0,0.893432605545443,0.0,0.9857145101042493,0.0,0.0,0.9397349186449317,0.0,0.9634292286100711,0.0,0.0,0.9857145101042493,0.0,0.893432605545443,0.0,10.984068577857604,0.0,0.0,0.10396999999999999,0.051986000000000004,0.07797799999999999,0.051986000000000004,0.0,0.025994,0.051986000000000004,0.07797799999999999,0.051986000000000004,0.051986000000000004,0.0,0.0,0.07797799999999999,0.051986000000000004,0.051986000000000004,0.025994,0.0,0.039450000000000006,0.039450000000000006,0.0,0.026913999999999997,0.013458,0.026913999999999997,0.0,0.026913999999999997,0.026913999999999997,0.0,0.026913999999999997,0.040369999999999996,0.026913999999999997,0.026913999999999997,0.0,0.026913999999999997,0.040369999999999996,0.026913999999999997,0.026913999999999997,0.013458,2e-06,0.0,0.0,8.647642368000001e-06,2.1619521792000002e-06,4.8643300224e-06,2.1619521792000002e-06,0.0,5.405088384e-07,2.1619521792000002e-06,4.8643300224e-06,2.1619521792000002e-06,2.1619521792000002e-06,0.0,0.0,4.8643300224e-06,2.1619521792000002e-06,2.1619521792000002e-06,5.405088384e-07,0.0,1.2449788800000002e-06,1.2449788800000002e-06,0.0,5.794476544e-07,1.448726784e-07,5.794476544e-07,0.0,5.794476544e-07,5.794476544e-07,0.0,5.794476544e-07,1.303724928e-06,5.794476544e-07,5.794476544e-07,0.0,5.794476544e-07,1.303724928e-06,5.794476544e-07,5.794476544e-07,1.448726784e-07,0.0,input,/conv1/Conv,/relu/Relu,/maxpool/MaxPool,/layer1/layer1.0/conv1/Conv,/layer1/layer1.0/relu/Relu,/layer1/layer1.0/relu/Relu,/layer1/layer1.0/Add,/layer1/layer1.0/relu_1/Relu,/layer1/layer1.1/conv1/Conv,/layer1/layer1.1/relu/Relu,/layer1/layer1.1/conv2/Conv,/layer1/layer1.1/Add,/layer1/layer1.1/relu_1/Relu,/layer1/layer1.2/conv1/Conv,/layer1/layer1.2/relu/Relu,/layer1/layer1.2/conv2/Conv,/layer1/layer1.2/Add,/layer1/layer1.2/relu_1/Relu,/layer2/layer2.0/conv1/Conv,/layer2/layer2.0/relu/Relu,/layer2/layer2.0/conv2/Conv,/layer2/layer2.0/downsample/downsample.0/Conv,/layer2/layer2.0/Add,/layer2/layer2.0/relu_1/Relu,/layer2/layer2.1/conv1/Conv,/layer2/layer2.1/relu/Relu,/layer2/layer2.1/conv2/Conv,/layer2/layer2.1/conv2/Conv,/layer2/layer2.1/relu_1/Relu,/layer2/layer2.2/conv1/Conv,/layer2/layer2.2/relu/Relu,/layer2/layer2.2/conv2/Conv,/layer2/layer2.2/conv2/Conv,/layer2/layer2.2/relu_1/Relu,/layer2/layer2.3/conv1/Conv,/layer2/layer2.3/relu/Relu,/layer2/layer2.3/conv2/Conv,/layer2/layer2.3/Add,1,1,3,4,1,2,3,4,1,2,3,1,1,1,3,4,1,2,2,4,1,1,3,4,2,2,3,4,1,2,3,4,1,2,3,4,1,2,3,1,205.91213199999993,21.46281198949835,4.885134847308273,1.2094920000000002,5.0636944883200004e-05,0.8072509765625,nondom
3,0,31,0.0,5.45832,0.0,0.0,8.317440000000001,0.0,0.0,4.158720000000001,0.0,2.0793600000000003,0.0,8.317440000000001,0.0,0.0,2.0793600000000003,0.0,8.317440000000001,0.0,0.0,3.2294400000000003,0.0,3.2294400000000003,0.13456,0.0,0.0,3.2294400000000003,0.0,6.458880000000001,0.0,0.0,1.6147200000000002,0.0,6.458880000000001,0.0,0.0,6.458880000000001,0.0,3.2294400000000003,0.0,32.33791999999999,0.0,0.3722226853433096,0.0,0.0,0.443263859243137,0.0,0.0,0.537702787514404,0.0,0.45044475850287985,0.0,0.443263859243137,0.0,0.0,0.5211563824161014,0.0,0.443263859243137,0.0,0.0,0.5507793964704805,0.0,0.893432605545443,0.0917075795548139,0.0,0.0,0.893432605545443,0.0,0.9857145101042493,0.0,0.0,0.9397349186449317,0.0,0.9634292286100711,0.0,0.0,0.9857145101042493,0.0,0.893432605545443,0.0,11.10029075838188,0.0,0.0,0.10396999999999999,0.051986000000000004,0.07797799999999999,0.051986000000000004,0.0,0.025994,0.051986000000000004,0.07797799999999999,0.051986000000000004,0.051986000000000004,0.0,0.0,0.07797799999999999,0.051986000000000004,0.051986000000000004,0.025994,0.0,0.039450000000000006,0.039450000000000006,0.039450000000000006,0.026913999999999997,0.013458,0.026913999999999997,0.0,0.026913999999999997,0.026913999999999997,0.0,0.026913999999999997,0.040369999999999996,0.026913999999999997,0.026913999999999997,0.0,0.026913999999999997,0.040369999999999996,0.026913999999999997,0.026913999999999997,0.013458,0.0,0.0,0.0,8.647642368000001e-06,2.1619521792000002e-06,4.8643300224e-06,2.1619521792000002e-06,0.0,5.405088384e-07,2.1619521792000002e-06,4.8643300224e-06,2.1619521792000002e-06,2.1619521792000002e-06,0.0,0.0,4.8643300224e-06,2.1619521792000002e-06,2.1619521792000002e-06,5.405088384e-07,0.0,1.2449788800000002e-06,1.2449788800000002e-06,1.2449788800000002e-06,5.794476544e-07,1.448726784e-07,5.794476544e-07,0.0,5.794476544e-07,5.794476544e-07,0.0,5.794476544e-07,1.303724928e-06,5.794476544e-07,5.794476544e-07,0.0,5.794476544e-07,1.303724928e-06,5.794476544e-07,5.794476544e-07,1.448726784e-07,0.0,input,/conv1/Conv,/relu/Relu,/maxpool/MaxPool,/layer1/layer1.0/conv1/Conv,/layer1/layer1.0/relu/Relu,/layer1/layer1.0/relu/Relu,/layer1/layer1.0/Add,/layer1/layer1.0/relu_1/Relu,/layer1/layer1.1/conv1/Conv,/layer1/layer1.1/relu/Relu,/layer1/layer1.1/conv2/Conv,/layer1/layer1.1/Add,/layer1/layer1.1/relu_1/Relu,/layer1/layer1.2/conv1/Conv,/layer1/layer1.2/relu/Relu,/layer1/layer1.2/conv2/Conv,/layer1/layer1.2/Add,/layer1/layer1.2/relu_1/Relu,/layer2/layer2.0/conv1/Conv,/layer2/layer2.0/relu/Relu,/layer2/layer2.0/conv2/Conv,/layer2/layer2.0/downsample/downsample.0/Conv,/layer2/layer2.0/Add,/layer2/layer2.0/relu_1/Relu,/layer2/layer2.1/conv1/Conv,/layer2/layer2.1/relu/Relu,/layer2/layer2.1/conv2/Conv,/layer2/layer2.1/conv2/Conv,/layer2/layer2.1/relu_1/Relu,/layer2/layer2.2/conv1/Conv,/layer2/layer2.2/relu/Relu,/layer2/layer2.2/conv2/Conv,/layer2/layer2.2/conv2/Conv,/layer2/layer2.2/relu_1/Relu,/layer2/layer2.3/conv1/Conv,/layer2/layer2.3/relu/Relu,/layer2/layer2.3/conv2/Conv,/layer2/layer2.3/Add,1,1,3,4,1,2,3,4,1,2,3,1,1,1,3,4,1,2,2,4,1,2,3,4,2,2,3,4,1,2,3,4,1,2,3,4,1,2,3,3,106.35862,21.509038791936874,10.034985975103602,1.2489400000000004,5.18819237632e-05,0.8072509765625,nondom
4,0,31,0.0,5.45832,0.0,0.0,8.317440000000001,0.0,0.0,4.158720000000001,0.0,2.0793600000000003,0.0,8.317440000000001,0.0,0.0,2.0793600000000003,0.0,2.0793600000000003,0.0,0.0,3.2294400000000003,0.0,3.2294400000000003,0.13456,0.0,0.0,3.2294400000000003,0.0,6.458880000000001,0.0,0.0,1.6147200000000002,0.0,6.458880000000001,0.0,0.0,6.458880000000001,0.0,3.2294400000000003,0.0,128.70143999999993,0.0,0.3722226853433096,0.0,0.0,0.443263859243137,0.0,0.0,0.537702787514404,0.0,0.45044475850287985,0.0,0.443263859243137,0.0,0.0,0.5211563824161014,0.0,0.45044475850287985,0.0,0.0,0.5507793964704805,0.0,0.893432605545443,0.0917075795548139,0.0,0.0,0.893432605545443,0.0,0.9857145101042493,0.0,0.0,0.9397349186449317,0.0,0.9634292286100711,0.0,0.0,0.9857145101042493,0.0,0.893432605545443,0.0,10.984068577857604,0.0,0.0,0.10396999999999999,0.051986000000000004,0.07797799999999999,0.051986000000000004,0.0,0.025994,0.051986000000000004,0.07797799999999999,0.051986000000000004,0.051986000000000004,0.0,0.0,0.07797799999999999,0.051986000000000004,0.051986000000000004,0.0,0.0,0.039450000000000006,0.039450000000000006,0.039450000000000006,0.026913999999999997,0.013458,0.026913999999999997,0.0,0.026913999999999997,0.026913999999999997,0.0,0.026913999999999997,0.040369999999999996,0.026913999999999997,0.026913999999999997,0.0,0.026913999999999997,0.040369999999999996,0.026913999999999997,0.026913999999999997,0.013458,2e-06,0.0,0.0,8.647642368000001e-06,2.1619521792000002e-06,4.8643300224e-06,2.1619521792000002e-06,0.0,5.405088384e-07,2.1619521792000002e-06,4.8643300224e-06,2.1619521792000002e-06,2.1619521792000002e-06,0.0,0.0,4.8643300224e-06,2.1619521792000002e-06,2.1619521792000002e-06,0.0,0.0,1.2449788800000002e-06,1.2449788800000002e-06,1.2449788800000002e-06,5.794476544e-07,1.448726784e-07,5.794476544e-07,0.0,5.794476544e-07,5.794476544e-07,0.0,5.794476544e-07,1.303724928e-06,5.794476544e-07,5.794476544e-07,0.0,5.794476544e-07,1.303724928e-06,5.794476544e-07,5.794476544e-07,1.448726784e-07,0.0,input,/conv1/Conv,/relu/Relu,/maxpool/MaxPool,/layer1/layer1.0/conv1/Conv,/layer1/layer1.0/relu/Relu,/layer1/layer1.0/relu/Relu,/layer1/layer1.0/Add,/layer1/layer1.0/relu_1/Relu,/layer1/layer1.1/conv1/Conv,/layer1/layer1.1/relu/Relu,/layer1/layer1.1/conv2/Conv,/layer1/layer1.1/Add,/layer1/layer1.1/relu_1/Relu,/layer1/layer1.2/conv1/Conv,/layer1/layer1.2/relu/Relu,/layer1/layer1.2/conv2/Conv,/layer1/layer1.2/Add,/layer1/layer1.2/relu_1/Relu,/layer2/layer2.0/conv1/Conv,/layer2/layer2.0/relu/Relu,/layer2/layer2.0/conv2/Conv,/layer2/layer2.0/downsample/downsample.0/Conv,/layer2/layer2.0/Add,/layer2/layer2.0/relu_1/Relu,/layer2/layer2.1/conv1/Conv,/layer2/layer2.1/relu/Relu,/layer2/layer2.1/conv2/Conv,/layer2/layer2.1/conv2/Conv,/layer2/layer2.1/relu_1/Relu,/layer2/layer2.2/conv1/Conv,/layer2/layer2.2/relu/Relu,/layer2/layer2.2/conv2/Conv,/layer2/layer2.2/conv2/Conv,/layer2/layer2.2/relu_1/Relu,/layer2/layer2.3/conv1/Conv,/layer2/layer2.3/relu/Relu,/layer2/layer2.3/conv2/Conv,/layer2/layer2.3/Add,1,1,3,4,1,2,3,4,1,2,3,1,1,1,3,4,2,2,2,4,1,2,3,4,2,2,3,4,1,2,3,4,1,2,3,4,1,2,3,1,196.45806799999994,21.399996970163503,5.1220292742412346,1.2229480000000004,5.13414149248e-05,0.8072509765625,nondom
5,0,31,0.0,5.45832,0.0,0.0,8.317440000000001,0.0,0.0,4.158720000000001,0.0,2.0793600000000003,0.0,2.0793600000000003,0.0,0.0,2.0793600000000003,0.0,8.317440000000001,0.0,0.0,3.2294400000000003,0.0,6.458880000000001,0.13456,0.0,0.0,3.2294400000000003,0.0,6.458880000000001,0.0,0.0,1.6147200000000002,0.0,6.458880000000001,0.0,0.0,6.458880000000001,0.0,3.2294400000000003,0.0,128.70143999999993,0.0,0.3722226853433096,0.0,0.0,0.443263859243137,0.0,0.0,0.537702787514404,0.0,0.45044475850287985,0.0,0.5211563824161014,0.0,0.0,0.5211563824161014,0.0,0.443263859243137,0.0,0.0,0.5507793964704805,0.0,0.9634292286100711,0.0917075795548139,0.0,0.0,0.893432605545443,0.0,0.9857145101042493,0.0,0.0,0.9397349186449317,0.0,0.9634292286100711,0.0,0.0,0.9857145101042493,0.0,0.893432605545443,0.0,10.984068577857604,0.0,0.0,0.10396999999999999,0.051986000000000004,0.07797799999999999,0.051986000000000004,0.0,0.025994,0.051986000000000004,0.07797799999999999,0.051986000000000004,0.0,0.025994,0.0,0.07797799999999999,0.051986000000000004,0.051986000000000004,0.025994,0.0,0.039450000000000006,0.039450000000000006,0.0,0.026913999999999997,0.013458,0.026913999999999997,0.0,0.026913999999999997,0.026913999999999997,0.0,0.026913999999999997,0.040369999999999996,0.026913999999999997,0.026913999999999997,0.0,0.026913999999999997,0.040369999999999996,0.026913999999999997,0.026913999999999997,0.013458,2e-06,0.0,0.0,8.647642368000001e-06,2.1619521792000002e-06,4.8643300224e-06,2.1619521792000002e-06,0.0,5.405088384e-07,2.1619521792000002e-06,4.8643300224e-06,2.1619521792000002e-06,0.0,5.405088384e-07,0.0,4.8643300224e-06,2.1619521792000002e-06,2.1619521792000002e-06,5.405088384e-07,0.0,1.2449788800000002e-06,1.2449788800000002e-06,0.0,5.794476544e-07,1.448726784e-07,5.794476544e-07,0.0,5.794476544e-07,5.794476544e-07,0.0,5.794476544e-07,1.303724928e-06,5.794476544e-07,5.794476544e-07,0.0,5.794476544e-07,1.303724928e-06,5.794476544e-07,5.794476544e-07,1.448726784e-07,0.0,input,/conv1/Conv,/relu/Relu,/maxpool/MaxPool,/layer1/layer1.0/conv1/Conv,/layer1/layer1.0/relu/Relu,/layer1/layer1.0/relu/Relu,/layer1/layer1.0/Add,/layer1/layer1.0/relu_1/Relu,/layer1/layer1.1/conv1/Conv,/layer1/layer1.1/relu/Relu,/layer1/layer1.1/conv2/Conv,/layer1/layer1.1/Add,/layer1/layer1.1/relu_1/Relu,/layer1/layer1.2/conv1/Conv,/layer1/layer1.2/relu/Relu,/layer1/layer1.2/conv2/Conv,/layer1/layer1.2/Add,/layer1/layer1.2/relu_1/Relu,/layer2/layer2.0/conv1/Conv,/layer2/layer2.0/relu/Relu,/layer2/layer2.0/conv2/Conv,/layer2/layer2.0/downsample/downsample.0/Conv,/layer2/layer2.0/Add,/layer2/layer2.0/relu_1/Relu,/layer2/layer2.1/conv1/Conv,/layer2/layer2.1/relu/Relu,/layer2/layer2.1/conv2/Conv,/layer2/layer2.1/conv2/Conv,/layer2/layer2.1/relu_1/Relu,/layer2/layer2.2/conv1/Conv,/layer2/layer2.2/relu/Relu,/layer2/layer2.2/conv2/Conv,/layer2/layer2.2/conv2/Conv,/layer2/layer2.2/relu_1/Relu,/layer2/layer2.3/conv1/Conv,/layer2/layer2.3/relu/Relu,/layer2/layer2.3/conv2/Conv,/layer2/layer2.3/Add,1,1,3,4,1,2,3,4,1,2,3,3,1,1,3,4,1,2,2,4,1,1,3,4,2,2,3,4,1,2,3,4,1,2,3,4,1,2,3,1,199.64805999999996,21.54070289122797,5.038682976950647,1.1835000000000002,4.90155015424e-05,0.8072509765625,nondom
6,0,31,0.0,5.45832,0.0,0.0,8.317440000000001,0.0,0.0,4.158720000000001,0.0,2.0793600000000003,0.0,2.0793600000000003,0.0,0.0,2.0793600000000003,0.0,8.317440000000001,0.0,0.0,3.2294400000000003,0.0,3.2294400000000003,0.13456,0.0,0.0,3.2294400000000003,0.0,6.458880000000001,0.0,0.0,1.6147200000000002,0.0,6.458880000000001,0.0,0.0,6.458880000000001,0.0,3.2294400000000003,0.0,32.33791999999999,0.0,0.3722226853433096,0.0,0.0,0.443263859243137,0.0,0.0,0.537702787514404,0.0,0.45044475850287985,0.0,0.5211563824161014,0.0,0.0,0.5211563824161014,0.0,0.443263859243137,0.0,0.0,0.5507793964704805,0.0,0.893432605545443,0.0917075795548139,0.0,0.0,0.893432605545443,0.0,0.9857145101042493,0.0,0.0,0.9397349186449317,0.0,0.9634292286100711,0.0,0.0,0.9857145101042493,0.0,0.893432605545443,0.0,11.10029075838188,0.0,0.0,0.10396999999999999,0.051986000000000004,0.07797799999999999,0.051986000000000004,0.0,0.025994,0.051986000000000004,0.07797799999999999,0.051986000000000004,0.0,0.025994,0.0,0.07797799999999999,0.051986000000000004,0.051986000000000004,0.025994,0.0,0.039450000000000006,0.039450000000000006,0.039450000000000006,0.026913999999999997,0.013458,0.026913999999999997,0.0,0.026913999999999997,0.026913999999999997,0.0,0.026913999999999997,0.040369999999999996,0.026913999999999997,0.026913999999999997,0.0,0.026913999999999997,0.040369999999999996,0.026913999999999997,0.026913999999999997,0.013458,0.0,0.0,0.0,8.647642368000001e-06,2.1619521792000002e-06,4.8643300224e-06,2.1619521792000002e-06,0.0,5.405088384e-07,2.1619521792000002e-06,4.8643300224e-06,2.1619521792000002e-06,0.0,5.405088384e-07,0.0,4.8643300224e-06,2.1619521792000002e-06,2.1619521792000002e-06,5.405088384e-07,0.0,1.2449788800000002e-06,1.2449788800000002e-06,1.2449788800000002e-06,5.794476544e-07,1.448726784e-07,5.794476544e-07,0.0,5.794476544e-07,5.794476544e-07,0.0,5.794476544e-07,1.303724928e-06,5.794476544e-07,5.794476544e-07,0.0,5.794476544e-07,1.303724928e-06,5.794476544e-07,5.794476544e-07,1.448726784e-07,0.0,input,/conv1/Conv,/relu/Relu,/maxpool/MaxPool,/layer1/layer1.0/conv1/Conv,/layer1/layer1.0/relu/Relu,/layer1/layer1.0/relu/Relu,/layer1/layer1.0/Add,/layer1/layer1.0/relu_1/Relu,/layer1/layer1.1/conv1/Conv,/layer1/layer1.1/relu/Relu,/layer1/layer1.1/conv2/Conv,/layer1/layer1.1/Add,/layer1/layer1.1/relu_1/Relu,/layer1/layer1.2/conv1/Conv,/layer1/layer1.2/relu/Relu,/layer1/layer1.2/conv2/Conv,/layer1/layer1.2/Add,/layer1/layer1.2/relu_1/Relu,/layer2/layer2.0/conv1/Conv,/layer2/layer2.0/relu/Relu,/layer2/layer2.0/conv2/Conv,/layer2/layer2.0/downsample/downsample.0/Conv,/layer2/layer2.0/Add,/layer2/layer2.0/relu_1/Relu,/layer2/layer2.1/conv1/Conv,/layer2/layer2.1/relu/Relu,/layer2/layer2.1/conv2/Conv,/layer2/layer2.1/conv2/Conv,/layer2/layer2.1/relu_1/Relu,/layer2/layer2.2/conv1/Conv,/layer2/layer2.2/relu/Relu,/layer2/layer2.2/conv2/Conv,/layer2/layer2.2/conv2/Conv,/layer2/layer2.2/relu_1/Relu,/layer2/layer2.3/conv1/Conv,/layer2/layer2.3/relu/Relu,/layer2/layer2.3/conv2/Conv,/layer2/layer2.3/Add,1,1,3,4,1,2,3,4,1,2,3,3,1,1,3,4,1,2,2,4,1,2,3,4,2,2,3,4,1,2,3,4,1,2,3,4,1,2,3,3,100.094548,21.586929693666498,10.705116017765354,1.2229480000000001,5.02604804224e-05,0.8072509765625,nondom
7,0,31,0.0,5.45832,0.0,0.0,8.317440000000001,0.0,0.0,4.158720000000001,0.0,2.0793600000000003,0.0,2.0793600000000003,0.0,0.0,2.0793600000000003,0.0,2.0793600000000003,0.0,0.0,3.2294400000000003,0.0,3.2294400000000003,0.13456,0.0,0.0,3.2294400000000003,0.0,6.458880000000001,0.0,0.0,1.6147200000000002,0.0,6.458880000000001,0.0,0.0,6.458880000000001,0.0,3.2294400000000003,0.0,128.70143999999993,0.0,0.3722226853433096,0.0,0.0,0.443263859243137,0.0,0.0,0.537702787514404,0.0,0.45044475850287985,0.0,0.5211563824161014,0.0,0.0,0.5211563824161014,0.0,0.45044475850287985,0.0,0.0,0.5507793964704805,0.0,0.893432605545443,0.0917075795548139,0.0,0.0,0.893432605545443,0.0,0.9857145101042493,0.0,0.0,0.9397349186449317,0.0,0.9634292286100711,0.0,0.0,0.9857145101042493,0.0,0.893432605545443,0.0,10.984068577857604,0.0,0.0,0.10396999999999999,0.051986000000000004,0.07797799999999999,0.051986000000000004,0.0,0.025994,0.051986000000000004,0.07797799999999999,0.051986000000000004,0.0,0.025994,0.0,0.07797799999999999,0.051986000000000004,0.051986000000000004,0.0,0.0,0.039450000000000006,0.039450000000000006,0.039450000000000006,0.026913999999999997,0.013458,0.026913999999999997,0.0,0.026913999999999997,0.026913999999999997,0.0,0.026913999999999997,0.040369999999999996,0.026913999999999997,0.026913999999999997,0.0,0.026913999999999997,0.040369999999999996,0.026913999999999997,0.026913999999999997,0.013458,2e-06,0.0,0.0,8.647642368000001e-06,2.1619521792000002e-06,4.8643300224e-06,2.1619521792000002e-06,0.0,5.405088384e-07,2.1619521792000002e-06,4.8643300224e-06,2.1619521792000002e-06,0.0,5.405088384e-07,0.0,4.8643300224e-06,2.1619521792000002e-06,2.1619521792000002e-06,0.0,0.0,1.2449788800000002e-06,1.2449788800000002e-06,1.2449788800000002e-06,5.794476544e-07,1.448726784e-07,5.794476544e-07,0.0,5.794476544e-07,5.794476544e-07,0.0,5.794476544e-07,1.303724928e-06,5.794476544e-07,5.794476544e-07,0.0,5.794476544e-07,1.303724928e-06,5.794476544e-07,5.794476544e-07,1.448726784e-07,0.0,input,/conv1/Conv,/relu/Relu,/maxpool/MaxPool,/layer1/layer1.0/conv1/Conv,/layer1/layer1.0/relu/Relu,/layer1/layer1.0/relu/Relu,/layer1/layer1.0/Add,/layer1/layer1.0/relu_1/Relu,/layer1/layer1.1/conv1/Conv,/layer1/layer1.1/relu/Relu,/layer1/layer1.1/conv2/Conv,/layer1/layer1.1/Add,/layer1/layer1.1/relu_1/Relu,/layer1/layer1.2/conv1/Conv,/layer1/layer1.2/relu/Relu,/layer1/layer1.2/conv2/Conv,/layer1/layer1.2/Add,/layer1/layer1.2/relu_1/Relu,/layer2/layer2.0/conv1/Conv,/layer2/layer2.0/relu/Relu,/layer2/layer2.0/conv2/Conv,/layer2/layer2.0/downsample/downsample.0/Conv,/layer2/layer2.0/Add,/layer2/layer2.0/relu_1/Relu,/layer2/layer2.1/conv1/Conv,/layer2/layer2.1/relu/Relu,/layer2/layer2.1/conv2/Conv,/layer2/layer2.1/conv2/Conv,/layer2/layer2.1/relu_1/Relu,/layer2/layer2.2/conv1/Conv,/layer2/layer2.2/relu/Relu,/layer2/layer2.2/conv2/Conv,/layer2/layer2.2/conv2/Conv,/layer2/layer2.2/relu_1/Relu,/layer2/layer2.3/conv1/Conv,/layer2/layer2.3/relu/Relu,/layer2/layer2.3/conv2/Conv,/layer2/layer2.3/Add,1,1,3,4,1,2,3,4,1,2,3,3,1,1,3,4,2,2,2,4,1,2,3,4,2,2,3,4,1,2,3,4,1,2,3,4,1,2,3,1,190.19399599999994,21.477887871893127,5.291088156724572,1.1969560000000004,4.9719971584e-05,0.8072509765625,nondom
8,0,31,0.0,5.45832,0.0,0.0,8.317440000000001,0.0,0.0,4.158720000000001,0.0,2.0793600000000003,0.0,2.0793600000000003,0.0,0.0,2.0793600000000003,0.0,2.0793600000000003,0.0,0.0,3.2294400000000003,0.0,3.2294400000000003,0.13456,0.0,0.0,3.2294400000000003,0.0,6.458880000000001,0.0,0.0,1.6147200000000002,0.0,6.458880000000001,0.0,0.0,6.458880000000001,0.0,3.2294400000000003,0.0,128.70143999999993,0.0,0.3722226853433096,0.0,0.0,0.443263859243137,0.0,0.0,0.537702787514404,0.0,0.45044475850287985,0.0,0.45044475850287985,0.0,0.0,0.5211563824161014,0.0,0.45044475850287985,0.0,0.0,0.5507793964704805,0.0,0.893432605545443,0.0917075795548139,0.0,0.0,0.893432605545443,0.0,0.9857145101042493,0.0,0.0,0.9397349186449317,0.0,0.9634292286100711,0.0,0.0,0.9857145101042493,0.0,0.893432605545443,0.0,10.984068577857604,0.0,0.0,0.10396999999999999,0.051986000000000004,0.07797799999999999,0.051986000000000004,0.0,0.025994,0.051986000000000004,0.07797799999999999,0.051986000000000004,0.051986000000000004,0.0,0.0,0.07797799999999999,0.051986000000000004,0.051986000000000004,0.0,0.0,0.039450000000000006,0.039450000000000006,0.039450000000000006,0.026913999999999997,0.013458,0.026913999999999997,0.0,0.026913999999999997,0.026913999999999997,0.0,0.026913999999999997,0.040369999999999996,0.026913999999999997,0.026913999999999997,0.0,0.026913999999999997,0.040369999999999996,0.026913999999999997,0.026913999999999997,0.013458,2e-06,0.0,0.0,8.647642368000001e-06,2.1619521792000002e-06,4.8643300224e-06,2.1619521792000002e-06,0.0,5.405088384e-07,2.1619521792000002e-06,4.8643300224e-06,2.1619521792000002e-06,2.1619521792000002e-06,0.0,0.0,4.8643300224e-06,2.1619521792000002e-06,2.1619521792000002e-06,0.0,0.0,1.2449788800000002e-06,1.2449788800000002e-06,1.2449788800000002e-06,5.794476544e-07,1.448726784e-07,5.794476544e-07,0.0,5.794476544e-07,5.794476544e-07,0.0,5.794476544e-07,1.303724928e-06,5.794476544e-07,5.794476544e-07,0.0,5.794476544e-07,1.303724928e-06,5.794476544e-07,5.794476544e-07,1.448726784e-07,0.0,input,/conv1/Conv,/relu/Relu,/maxpool/MaxPool,/layer1/layer1.0/conv1/Conv,/layer1/layer1.0/relu/Relu,/layer1/layer1.0/relu/Relu,/layer1/layer1.0/Add,/layer1/layer1.0/relu_1/Relu,/layer1/layer1.1/conv1/Conv,/layer1/layer1.1/relu/Relu,/layer1/layer1.1/conv2/Conv,/layer1/layer1.1/Add,/layer1/layer1.1/relu_1/Relu,/layer1/layer1.2/conv1/Conv,/layer1/layer1.2/relu/Relu,/layer1/layer1.2/conv2/Conv,/layer1/layer1.2/Add,/layer1/layer1.2/relu_1/Relu,/layer2/layer2.0/conv1/Conv,/layer2/layer2.0/relu/Relu,/layer2/layer2.0/conv2/Conv,/layer2/layer2.0/downsample/downsample.0/Conv,/layer2/layer2.0/Add,/layer2/layer2.0/relu_1/Relu,/layer2/layer2.1/conv1/Conv,/layer2/layer2.1/relu/Relu,/layer2/layer2.1/conv2/Conv,/layer2/layer2.1/conv2/Conv,/layer2/layer2.1/relu_1/Relu,/layer2/layer2.2/conv1/Conv,/layer2/layer2.2/relu/Relu,/layer2/layer2.2/conv2/Conv,/layer2/layer2.2/conv2/Conv,/layer2/layer2.2/relu_1/Relu,/layer2/layer2.3/conv1/Conv,/layer2/layer2.3/relu/Relu,/layer2/layer2.3/conv2/Conv,/layer2/layer2.3/Add,1,1,3,4,1,2,3,4,1,2,3,2,2,2,3,4,2,2,2,4,1,2,3,4,2,2,3,4,1,2,3,4,1,2,3,4,1,2,3,1,190.21998799999994,21.407177869423244,5.291088156724572,1.2229480000000004,5.13414149248e-05,0.8072509765625,nondom
9,0,31,0.0,3.6388800000000003,0.0,0.0,8.317440000000001,0.0,0.0,4.158720000000001,0.0,2.0793600000000003,0.0,2.0793600000000003,0.0,0.0,2.0793600000000003,0.0,2.0793600000000003,0.0,0.0,3.2294400000000003,0.0,3.2294400000000003,0.13456,0.0,0.0,3.2294400000000003,0.0,6.458880000000001,0.0,0.0,1.6147200000000002,0.0,6.458880000000001,0.0,0.0,6.458880000000001,0.0,3.2294400000000003,0.0,128.70143999999993,0.0,0.4134326118925661,0.0,0.0,0.443263859243137,0.0,0.0,0.537702787514404,0.0,0.45044475850287985,0.0,0.5211563824161014,0.0,0.0,0.5211563824161014,0.0,0.45044475850287985,0.0,0.0,0.5507793964704805,0.0,0.893432605545443,0.0917075795548139,0.0,0.0,0.893432605545443,0.0,0.9857145101042493,0.0,0.0,0.9397349186449317,0.0,0.9634292286100711,0.0,0.0,0.9857145101042493,0.0,0.893432605545443,0.0,10.984068577857604,0.0,0.0,0.10396999999999999,0.051986000000000004,0.07797799999999999,0.051986000000000004,0.0,0.025994,0.051986000000000004,0.07797799999999999,0.051986000000000004,0.0,0.025994,0.0,0.07797799999999999,0.051986000000000004,0.051986000000000004,0.0,0.0,0.039450000000000006,0.039450000000000006,0.039450000000000006,0.026913999999999997,0.013458,0.026913999999999997,0.0,0.026913999999999997,0.026913999999999997,0.0,0.026913999999999997,0.040369999999999996,0.026913999999999997,0.026913999999999997,0.0,0.026913999999999997,0.040369999999999996,0.026913999999999997,0.026913999999999997,0.013458,2e-06,0.0,0.0,8.647642368000001e-06,2.1619521792000002e-06,4.8643300224e-06,2.1619521792000002e-06,0.0,5.405088384e-07,2.1619521792000002e-06,4.8643300224e-06,2.1619521792000002e-06,0.0,5.405088384e-07,0.0,4.8643300224e-06,2.1619521792000002e-06,2.1619521792000002e-06,0.0,0.0,1.2449788800000002e-06,1.2449788800000002e-06,1.2449788800000002e-06,5.794476544e-07,1.448726784e-07,5.794476544e-07,0.0,5.794476544e-07,5.794476544e-07,0.0,5.794476544e-07,1.303724928e-06,5.794476544e-07,5.794476544e-07,0.0,5.794476544e-07,1.303724928e-06,5.794476544e-07,5.794476544e-07,1.448726784e-07,0.0,input,/conv1/Conv,/relu/Relu,/maxpool/MaxPool,/layer1/layer1.0/conv1/Conv,/layer1/layer1.0/relu/Relu,/layer1/layer1.0/relu/Relu,/layer1/layer1.0/Add,/layer1/layer1.0/relu_1/Relu,/layer1/layer1.1/conv1/Conv,/layer1/layer1.1/relu/Relu,/layer1/layer1.1/conv2/Conv,/layer1/layer1.1/Add,/layer1/layer1.1/relu_1/Relu,/layer1/layer1.2/conv1/Conv,/layer1/layer1.2/relu/Relu,/layer1/layer1.2/conv2/Conv,/layer1/layer1.2/Add,/layer1/layer1.2/relu_1/Relu,/layer2/layer2.0/conv1/Conv,/layer2/layer2.0/relu/Relu,/layer2/layer2.0/conv2/Conv,/layer2/layer2.0/downsample/downsample.0/Conv,/layer2/layer2.0/Add,/layer2/layer2.0/relu_1/Relu,/layer2/layer2.1/conv1/Conv,/layer2/layer2.1/relu/Relu,/layer2/layer2.1/conv2/Conv,/layer2/layer2.1/conv2/Conv,/layer2/layer2.1/relu_1/Relu,/layer2/layer2.2/conv1/Conv,/layer2/layer2.2/relu/Relu,/layer2/layer2.2/conv2/Conv,/layer2/layer2.2/conv2/Conv,/layer2/layer2.2/relu_1/Relu,/layer2/layer2.3/conv1/Conv,/layer2/layer2.3/relu/Relu,/layer2/layer2.3/conv2/Conv,/layer2/layer2.3/Add,1,2,3,4,1,2,3,4,1,2,3,3,1,1,3,4,2,2,2,4,1,2,3,4,2,2,3,4,1,2,3,4,1,2,3,4,1,2,3,1,188.37455599999993,21.519097798442385,5.448441614935531,1.1969560000000004,4.9719971584e-05,0.8067626953125,nondom
10,0,31,0.0,3.6388800000000003,0.0,0.0,8.317440000000001,0.0,0.0,4.158720000000001,0.0,2.0793600000000003,0.0,2.0793600000000003,0.0,0.0,2.0793600000000003,0.0,2.0793600000000003,0.0,0.0,3.2294400000000003,0.0,3.2294400000000003,0.13456,0.0,0.0,3.2294400000000003,0.0,6.458880000000001,0.0,0.0,1.6147200000000002,0.0,6.458880000000001,0.0,0.0,6.458880000000001,0.0,3.2294400000000003,0.0,128.70143999999993,0.0,0.4134326118925661,0.0,0.0,0.443263859243137,0.0,0.0,0.537702787514404,0.0,0.45044475850287985,0.0,0.45044475850287985,0.0,0.0,0.5211563824161014,0.0,0.45044475850287985,0.0,0.0,0.5507793964704805,0.0,0.893432605545443,0.0917075795548139,0.0,0.0,0.893432605545443,0.0,0.9857145101042493,0.0,0.0,0.9397349186449317,0.0,0.9634292286100711,0.0,0.0,0.9857145101042493,0.0,0.893432605545443,0.0,10.984068577857604,0.0,0.0,0.10396999999999999,0.051986000000000004,0.07797799999999999,0.051986000000000004,0.0,0.025994,0.051986000000000004,0.07797799999999999,0.051986000000000004,0.051986000000000004,0.0,0.0,0.07797799999999999,0.051986000000000004,0.051986000000000004,0.0,0.0,0.039450000000000006,0.039450000000000006,0.039450000000000006,0.026913999999999997,0.013458,0.026913999999999997,0.0,0.026913999999999997,0.026913999999999997,0.0,0.026913999999999997,0.040369999999999996,0.026913999999999997,0.026913999999999997,0.0,0.026913999999999997,0.040369999999999996,0.026913999999999997,0.026913999999999997,0.013458,2e-06,0.0,0.0,8.647642368000001e-06,2.1619521792000002e-06,4.8643300224e-06,2.1619521792000002e-06,0.0,5.405088384e-07,2.1619521792000002e-06,4.8643300224e-06,2.1619521792000002e-06,2.1619521792000002e-06,0.0,0.0,4.8643300224e-06,2.1619521792000002e-06,2.1619521792000002e-06,0.0,0.0,1.2449788800000002e-06,1.2449788800000002e-06,1.2449788800000002e-06,5.794476544e-07,1.448726784e-07,5.794476544e-07,0.0,5.794476544e-07,5.794476544e-07,0.0,5.794476544e-07,1.303724928e-06,5.794476544e-07,5.794476544e-07,0.0,5.794476544e-07,1.303724928e-06,5.794476544e-07,5.794476544e-07,1.448726784e-07,0.0,input,/conv1/Conv,/relu/Relu,/maxpool/MaxPool,/layer1/layer1.0/conv1/Conv,/layer1/layer1.0/relu/Relu,/layer1/layer1.0/relu/Relu,/layer1/layer1.0/Add,/layer1/layer1.0/relu_1/Relu,/layer1/layer1.1/conv1/Conv,/layer1/layer1.1/relu/Relu,/layer1/layer1.1/conv2/Conv,/layer1/layer1.1/Add,/layer1/layer1.1/relu_1/Relu,/layer1/layer1.2/conv1/Conv,/layer1/layer1.2/relu/Relu,/layer1/layer1.2/conv2/Conv,/layer1/layer1.2/Add,/layer1/layer1.2/relu_1/Relu,/layer2/layer2.0/conv1/Conv,/layer2/layer2.0/relu/Relu,/layer2/layer2.0/conv2/Conv,/layer2/layer2.0/downsample/downsample.0/Conv,/layer2/layer2.0/Add,/layer2/layer2.0/relu_1/Relu,/layer2/layer2.1/conv1/Conv,/layer2/layer2.1/relu/Relu,/layer2/layer2.1/conv2/Conv,/layer2/layer2.1/conv2/Conv,/layer2/layer2.1/relu_1/Relu,/layer2/layer2.2/conv1/Conv,/layer2/layer2.2/relu/Relu,/layer2/layer2.2/conv2/Conv,/layer2/layer2.2/conv2/Conv,/layer2/layer2.2/relu_1/Relu,/layer2/layer2.3/conv1/Conv,/layer2/layer2.3/relu/Relu,/layer2/layer2.3/conv2/Conv,/layer2/layer2.3/Add,1,2,3,4,1,2,3,4,1,2,3,2,2,2,3,4,2,2,2,4,1,2,3,4,2,2,3,4,1,2,3,4,1,2,3,4,1,2,3,1,188.40054799999993,21.4483877959725,5.448441614935531,1.2229480000000004,5.13414149248e-05,0.8067626953125,nondom
11,0,30,0.0,5.45832,0.0,0.0,8.317440000000001,0.0,0.0,4.158720000000001,0.0,2.0793600000000003,0.0,8.317440000000001,0.0,0.0,2.0793600000000003,0.0,8.317440000000001,0.0,0.0,3.2294400000000003,0.0,6.458880000000001,0.13456,0.0,0.0,3.2294400000000003,0.0,6.458880000000001,0.0,0.0,1.6147200000000002,0.0,6.458880000000001,0.0,0.0,6.458880000000001,0.0,3.2294400000000003,0.0,32.33791999999999,0.0,0.3722226853433096,0.0,0.0,0.443263859243137,0.0,0.0,0.537702787514404,0.0,0.45044475850287985,0.0,0.443263859243137,0.0,0.0,0.5211563824161014,0.0,0.443263859243137,0.0,0.0,0.5507793964704805,0.0,0.9634292286100711,0.0917075795548139,0.0,0.0,0.893432605545443,0.0,0.9857145101042493,0.0,0.0,0.9397349186449317,0.0,0.9634292286100711,0.0,0.0,0.9857145101042493,0.0,0.893432605545443,0.0,11.10029075838188,0.0,0.0,0.10396999999999999,0.051986000000000004,0.07797799999999999,0.051986000000000004,0.0,0.025994,0.051986000000000004,0.07797799999999999,0.051986000000000004,0.051986000000000004,0.0,0.0,0.07797799999999999,0.051986000000000004,0.051986000000000004,0.025994,0.0,0.039450000000000006,0.039450000000000006,0.0,0.026913999999999997,0.013458,0.026913999999999997,0.0,0.026913999999999997,0.026913999999999997,0.0,0.026913999999999997,0.040369999999999996,0.026913999999999997,0.026913999999999997,0.0,0.026913999999999997,0.040369999999999996,0.026913999999999997,0.026913999999999997,0.013458,0.0,0.0,0.0,8.647642368000001e-06,2.1619521792000002e-06,4.8643300224e-06,2.1619521792000002e-06,0.0,5.405088384e-07,2.1619521792000002e-06,4.8643300224e-06,2.1619521792000002e-06,2.1619521792000002e-06,0.0,0.0,4.8643300224e-06,2.1619521792000002e-06,2.1619521792000002e-06,5.405088384e-07,0.0,1.2449788800000002e-06,1.2449788800000002e-06,0.0,5.794476544e-07,1.448726784e-07,5.794476544e-07,0.0,5.794476544e-07,5.794476544e-07,0.0,5.794476544e-07,1.303724928e-06,5.794476544e-07,5.794476544e-07,0.0,5.794476544e-07,1.303724928e-06,5.794476544e-07,5.794476544e-07,1.448726784e-07,0.0,input,/conv1/Conv,/relu/Relu,/maxpool/MaxPool,/layer1/layer1.0/conv1/Conv,/layer1/layer1.0/relu/Relu,/layer1/layer1.0/relu/Relu,/layer1/layer1.0/Add,/layer1/layer1.0/relu_1/Relu,/layer1/layer1.1/conv1/Conv,/layer1/layer1.1/relu/Relu,/layer1/layer1.1/conv2/Conv,/layer1/layer1.1/Add,/layer1/layer1.1/relu_1/Relu,/layer1/layer1.2/conv1/Conv,/layer1/layer1.2/relu/Relu,/layer1/layer1.2/conv2/Conv,/layer1/layer1.2/Add,/layer1/layer1.2/relu_1/Relu,/layer2/layer2.0/conv1/Conv,/layer2/layer2.0/relu/Relu,/layer2/layer2.0/conv2/Conv,/layer2/layer2.0/downsample/downsample.0/Conv,/layer2/layer2.0/Add,/layer2/layer2.0/relu_1/Relu,/layer2/layer2.1/conv1/Conv,/layer2/layer2.1/relu/Relu,/layer2/layer2.1/conv2/Conv,/layer2/layer2.1/conv2/Conv,/layer2/layer2.1/relu_1/Relu,/layer2/layer2.2/conv1/Conv,/layer2/layer2.2/relu/Relu,/layer2/layer2.2/conv2/Conv,/layer2/layer2.2/conv2/Conv,/layer2/layer2.2/relu_1/Relu,/layer2/layer2.3/conv1/Conv,/layer2/layer2.3/relu/Relu,/layer2/layer2.3/conv2/Conv,/layer2/layer2.3/Add,1,1,3,4,1,2,3,4,1,2,3,1,1,1,3,4,1,2,2,4,1,1,3,4,2,2,3,4,1,2,3,4,1,2,3,4,1,2,3,3,109.54860999999998,21.579034170022624,9.719986625298406,1.2094900000000002,5.0636944883200004e-05,0.8072509765625,nondom
12,0,30,0.0,5.45832,0.0,0.0,8.317440000000001,0.0,0.0,4.158720000000001,0.0,2.0793600000000003,0.0,8.317440000000001,0.0,0.0,2.0793600000000003,0.0,2.0793600000000003,0.0,0.0,3.2294400000000003,0.0,6.458880000000001,0.13456,0.0,0.0,3.2294400000000003,0.0,6.458880000000001,0.0,0.0,1.6147200000000002,0.0,6.458880000000001,0.0,0.0,6.458880000000001,0.0,3.2294400000000003,0.0,128.70143999999993,0.0,0.3722226853433096,0.0,0.0,0.443263859243137,0.0,0.0,0.537702787514404,0.0,0.45044475850287985,0.0,0.443263859243137,0.0,0.0,0.5211563824161014,0.0,0.45044475850287985,0.0,0.0,0.5507793964704805,0.0,0.9634292286100711,0.0917075795548139,0.0,0.0,0.893432605545443,0.0,0.9857145101042493,0.0,0.0,0.9397349186449317,0.0,0.9634292286100711,0.0,0.0,0.9857145101042493,0.0,0.893432605545443,0.0,10.984068577857604,0.0,0.0,0.10396999999999999,0.051986000000000004,0.07797799999999999,0.051986000000000004,0.0,0.025994,0.051986000000000004,0.07797799999999999,0.051986000000000004,0.051986000000000004,0.0,0.0,0.07797799999999999,0.051986000000000004,0.051986000000000004,0.0,0.0,0.039450000000000006,0.039450000000000006,0.0,0.026913999999999997,0.013458,0.026913999999999997,0.0,0.026913999999999997,0.026913999999999997,0.0,0.026913999999999997,0.040369999999999996,0.026913999999999997,0.026913999999999997,0.0,0.026913999999999997,0.040369999999999996,0.026913999999999997,0.026913999999999997,0.013458,2e-06,0.0,0.0,8.647642368000001e-06,2.1619521792000002e-06,4.8643300224e-06,2.1619521792000002e-06,0.0,5.405088384e-07,2.1619521792000002e-06,4.8643300224e-06,2.1619521792000002e-06,2.1619521792000002e-06,0.0,0.0,4.8643300224e-06,2.1619521792000002e-06,2.1619521792000002e-06,0.0,0.0,1.2449788800000002e-06,1.2449788800000002e-06,0.0,5.794476544e-07,1.448726784e-07,5.794476544e-07,0.0,5.794476544e-07,5.794476544e-07,0.0,5.794476544e-07,1.303724928e-06,5.794476544e-07,5.794476544e-07,0.0,5.794476544e-07,1.303724928e-06,5.794476544e-07,5.794476544e-07,1.448726784e-07,0.0,input,/conv1/Conv,/relu/Relu,/maxpool/MaxPool,/layer1/layer1.0/conv1/Conv,/layer1/layer1.0/relu/Relu,/layer1/layer1.0/relu/Relu,/layer1/layer1.0/Add,/layer1/layer1.0/relu_1/Relu,/layer1/layer1.1/conv1/Conv,/layer1/layer1.1/relu/Relu,/layer1/layer1.1/conv2/Conv,/layer1/layer1.1/Add,/layer1/layer1.1/relu_1/Relu,/layer1/layer1.2/conv1/Conv,/layer1/layer1.2/relu/Relu,/layer1/layer1.2/conv2/Conv,/layer1/layer1.2/Add,/layer1/layer1.2/relu_1/Relu,/layer2/layer2.0/conv1/Conv,/layer2/layer2.0/relu/Relu,/layer2/layer2.0/conv2/Conv,/layer2/layer2.0/downsample/downsample.0/Conv,/layer2/layer2.0/Add,/layer2/layer2.0/relu_1/Relu,/layer2/layer2.1/conv1/Conv,/layer2/layer2.1/relu/Relu,/layer2/layer2.1/conv2/Conv,/layer2/layer2.1/conv2/Conv,/layer2/layer2.1/relu_1/Relu,/layer2/layer2.2/conv1/Conv,/layer2/layer2.2/relu/Relu,/layer2/layer2.2/conv2/Conv,/layer2/layer2.2/conv2/Conv,/layer2/layer2.2/relu_1/Relu,/layer2/layer2.3/conv1/Conv,/layer2/layer2.3/relu/Relu,/layer2/layer2.3/conv2/Conv,/layer2/layer2.3/Add,1,1,3,4,1,2,3,4,1,2,3,1,1,1,3,4,2,2,2,4,1,1,3,4,2,2,3,4,1,2,3,4,1,2,3,4,1,2,3,1,199.64805799999996,21.469992348249253,5.038682976950647,1.1834980000000004,5.00964360448e-05,0.8072509765625,nondom
13,0,30,0.0,5.45832,0.0,0.0,8.317440000000001,0.0,0.0,4.158720000000001,0.0,2.0793600000000003,0.0,8.317440000000001,0.0,0.0,2.0793600000000003,0.0,2.0793600000000003,0.0,0.0,3.2294400000000003,0.0,3.2294400000000003,0.13456,0.0,0.0,3.2294400000000003,0.0,6.458880000000001,0.0,0.0,1.6147200000000002,0.0,6.458880000000001,0.0,0.0,6.458880000000001,0.0,3.2294400000000003,0.0,32.33791999999999,0.0,0.3722226853433096,0.0,0.0,0.443263859243137,0.0,0.0,0.537702787514404,0.0,0.45044475850287985,0.0,0.443263859243137,0.0,0.0,0.5211563824161014,0.0,0.45044475850287985,0.0,0.0,0.5507793964704805,0.0,0.893432605545443,0.0917075795548139,0.0,0.0,0.893432605545443,0.0,0.9857145101042493,0.0,0.0,0.9397349186449317,0.0,0.9634292286100711,0.0,0.0,0.9857145101042493,0.0,0.893432605545443,0.0,11.10029075838188,0.0,0.0,0.10396999999999999,0.051986000000000004,0.07797799999999999,0.051986000000000004,0.0,0.025994,0.051986000000000004,0.07797799999999999,0.051986000000000004,0.051986000000000004,0.0,0.0,0.07797799999999999,0.051986000000000004,0.051986000000000004,0.0,0.0,0.039450000000000006,0.039450000000000006,0.039450000000000006,0.026913999999999997,0.013458,0.026913999999999997,0.0,0.026913999999999997,0.026913999999999997,0.0,0.026913999999999997,0.040369999999999996,0.026913999999999997,0.026913999999999997,0.0,0.026913999999999997,0.040369999999999996,0.026913999999999997,0.026913999999999997,0.013458,0.0,0.0,0.0,8.647642368000001e-06,2.1619521792000002e-06,4.8643300224e-06,2.1619521792000002e-06,0.0,5.405088384e-07,2.1619521792000002e-06,4.8643300224e-06,2.1619521792000002e-06,2.1619521792000002e-06,0.0,0.0,4.8643300224e-06,2.1619521792000002e-06,2.1619521792000002e-06,0.0,0.0,1.2449788800000002e-06,1.2449788800000002e-06,1.2449788800000002e-06,5.794476544e-07,1.448726784e-07,5.794476544e-07,0.0,5.794476544e-07,5.794476544e-07,0.0,5.794476544e-07,1.303724928e-06,5.794476544e-07,5.794476544e-07,0.0,5.794476544e-07,1.303724928e-06,5.794476544e-07,5.794476544e-07,1.448726784e-07,0.0,input,/conv1/Conv,/relu/Relu,/maxpool/MaxPool,/layer1/layer1.0/conv1/Conv,/layer1/layer1.0/relu/Relu,/layer1/layer1.0/relu/Relu,/layer1/layer1.0/Add,/layer1/layer1.0/relu_1/Relu,/layer1/layer1.1/conv1/Conv,/layer1/layer1.1/relu/Relu,/layer1/layer1.1/conv2/Conv,/layer1/layer1.1/Add,/layer1/layer1.1/relu_1/Relu,/layer1/layer1.2/conv1/Conv,/layer1/layer1.2/relu/Relu,/layer1/layer1.2/conv2/Conv,/layer1/layer1.2/Add,/layer1/layer1.2/relu_1/Relu,/layer2/layer2.0/conv1/Conv,/layer2/layer2.0/relu/Relu,/layer2/layer2.0/conv2/Conv,/layer2/layer2.0/downsample/downsample.0/Conv,/layer2/layer2.0/Add,/layer2/layer2.0/relu_1/Relu,/layer2/layer2.1/conv1/Conv,/layer2/layer2.1/relu/Relu,/layer2/layer2.1/conv2/Conv,/layer2/layer2.1/conv2/Conv,/layer2/layer2.1/relu_1/Relu,/layer2/layer2.2/conv1/Conv,/layer2/layer2.2/relu/Relu,/layer2/layer2.2/conv2/Conv,/layer2/layer2.2/conv2/Conv,/layer2/layer2.2/relu_1/Relu,/layer2/layer2.3/conv1/Conv,/layer2/layer2.3/relu/Relu,/layer2/layer2.3/conv2/Conv,/layer2/layer2.3/Add,1,1,3,4,1,2,3,4,1,2,3,1,1,1,3,4,2,2,2,4,1,2,3,4,2,2,3,4,1,2,3,4,1,2,3,4,1,2,3,3,100.09454600000001,21.51621915068778,10.705116017765354,1.2229460000000003,5.13414149248e-05,0.8072509765625,nondom
14,0,30,0.0,5.45832,0.0,0.0,8.317440000000001,0.0,0.0,4.158720000000001,0.0,2.0793600000000003,0.0,2.0793600000000003,0.0,0.0,2.0793600000000003,0.0,8.317440000000001,0.0,0.0,3.2294400000000003,0.0,6.458880000000001,0.13456,0.0,0.0,3.2294400000000003,0.0,6.458880000000001,0.0,0.0,1.6147200000000002,0.0,6.458880000000001,0.0,0.0,6.458880000000001,0.0,3.2294400000000003,0.0,32.33791999999999,0.0,0.3722226853433096,0.0,0.0,0.443263859243137,0.0,0.0,0.537702787514404,0.0,0.45044475850287985,0.0,0.5211563824161014,0.0,0.0,0.5211563824161014,0.0,0.443263859243137,0.0,0.0,0.5507793964704805,0.0,0.9634292286100711,0.0917075795548139,0.0,0.0,0.893432605545443,0.0,0.9857145101042493,0.0,0.0,0.9397349186449317,0.0,0.9634292286100711,0.0,0.0,0.9857145101042493,0.0,0.893432605545443,0.0,11.10029075838188,0.0,0.0,0.10396999999999999,0.051986000000000004,0.07797799999999999,0.051986000000000004,0.0,0.025994,0.051986000000000004,0.07797799999999999,0.051986000000000004,0.0,0.025994,0.0,0.07797799999999999,0.051986000000000004,0.051986000000000004,0.025994,0.0,0.039450000000000006,0.039450000000000006,0.0,0.026913999999999997,0.013458,0.026913999999999997,0.0,0.026913999999999997,0.026913999999999997,0.0,0.026913999999999997,0.040369999999999996,0.026913999999999997,0.026913999999999997,0.0,0.026913999999999997,0.040369999999999996,0.026913999999999997,0.026913999999999997,0.013458,0.0,0.0,0.0,8.647642368000001e-06,2.1619521792000002e-06,4.8643300224e-06,2.1619521792000002e-06,0.0,5.405088384e-07,2.1619521792000002e-06,4.8643300224e-06,2.1619521792000002e-06,0.0,5.405088384e-07,0.0,4.8643300224e-06,2.1619521792000002e-06,2.1619521792000002e-06,5.405088384e-07,0.0,1.2449788800000002e-06,1.2449788800000002e-06,0.0,5.794476544e-07,1.448726784e-07,5.794476544e-07,0.0,5.794476544e-07,5.794476544e-07,0.0,5.794476544e-07,1.303724928e-06,5.794476544e-07,5.794476544e-07,0.0,5.794476544e-07,1.303724928e-06,5.794476544e-07,5.794476544e-07,1.448726784e-07,0.0,input,/conv1/Conv,/relu/Relu,/maxpool/MaxPool,/layer1/layer1.0/conv1/Conv,/layer1/layer1.0/relu/Relu,/layer1/layer1.0/relu/Relu,/layer1/layer1.0/Add,/layer1/layer1.0/relu_1/Relu,/layer1/layer1.1/conv1/Conv,/layer1/layer1.1/relu/Relu,/layer1/layer1.1/conv2/Conv,/layer1/layer1.1/Add,/layer1/layer1.1/relu_1/Relu,/layer1/layer1.2/conv1/Conv,/layer1/layer1.2/relu/Relu,/layer1/layer1.2/conv2/Conv,/layer1/layer1.2/Add,/layer1/layer1.2/relu_1/Relu,/layer2/layer2.0/conv1/Conv,/layer2/layer2.0/relu/Relu,/layer2/layer2.0/conv2/Conv,/layer2/layer2.0/downsample/downsample.0/Conv,/layer2/layer2.0/Add,/layer2/layer2.0/relu_1/Relu,/layer2/layer2.1/conv1/Conv,/layer2/layer2.1/relu/Relu,/layer2/layer2.1/conv2/Conv,/layer2/layer2.1/conv2/Conv,/layer2/layer2.1/relu_1/Relu,/layer2/layer2.2/conv1/Conv,/layer2/layer2.2/relu/Relu,/layer2/layer2.2/conv2/Conv,/layer2/layer2.2/conv2/Conv,/layer2/layer2.2/relu_1/Relu,/layer2/layer2.3/conv1/Conv,/layer2/layer2.3/relu/Relu,/layer2/layer2.3/conv2/Conv,/layer2/layer2.3/Add,1,1,3,4,1,2,3,4,1,2,3,3,1,1,3,4,1,2,2,4,1,1,3,4,2,2,3,4,1,2,3,4,1,2,3,4,1,2,3,3,103.28453799999998,21.656925071752244,10.347390884693645,1.1834980000000002,4.90155015424e-05,0.8072509765625,nondom
15,0,30,0.0,5.45832,0.0,0.0,8.317440000000001,0.0,0.0,4.158720000000001,0.0,2.0793600000000003,0.0,2.0793600000000003,0.0,0.0,2.0793600000000003,0.0,2.0793600000000003,0.0,0.0,3.2294400000000003,0.0,6.458880000000001,0.13456,0.0,0.0,3.2294400000000003,0.0,6.458880000000001,0.0,0.0,1.6147200000000002,0.0,6.458880000000001,0.0,0.0,6.458880000000001,0.0,3.2294400000000003,0.0,128.70143999999993,0.0,0.3722226853433096,0.0,0.0,0.443263859243137,0.0,0.0,0.537702787514404,0.0,0.45044475850287985,0.0,0.5211563824161014,0.0,0.0,0.5211563824161014,0.0,0.45044475850287985,0.0,0.0,0.5507793964704805,0.0,0.9634292286100711,0.0917075795548139,0.0,0.0,0.893432605545443,0.0,0.9857145101042493,0.0,0.0,0.9397349186449317,0.0,0.9634292286100711,0.0,0.0,0.9857145101042493,0.0,0.893432605545443,0.0,10.984068577857604,0.0,0.0,0.10396999999999999,0.051986000000000004,0.07797799999999999,0.051986000000000004,0.0,0.025994,0.051986000000000004,0.07797799999999999,0.051986000000000004,0.0,0.025994,0.0,0.07797799999999999,0.051986000000000004,0.051986000000000004,0.0,0.0,0.039450000000000006,0.039450000000000006,0.0,0.026913999999999997,0.013458,0.026913999999999997,0.0,0.026913999999999997,0.026913999999999997,0.0,0.026913999999999997,0.040369999999999996,0.026913999999999997,0.026913999999999997,0.0,0.026913999999999997,0.040369999999999996,0.026913999999999997,0.026913999999999997,0.013458,2e-06,0.0,0.0,8.647642368000001e-06,2.1619521792000002e-06,4.8643300224e-06,2.1619521792000002e-06,0.0,5.405088384e-07,2.1619521792000002e-06,4.8643300224e-06,2.1619521792000002e-06,0.0,5.405088384e-07,0.0,4.8643300224e-06,2.1619521792000002e-06,2.1619521792000002e-06,0.0,0.0,1.2449788800000002e-06,1.2449788800000002e-06,0.0,5.794476544e-07,1.448726784e-07,5.794476544e-07,0.0,5.794476544e-07,5.794476544e-07,0.0,5.794476544e-07,1.303724928e-06,5.794476544e-07,5.794476544e-07,0.0,5.794476544e-07,1.303724928e-06,5.794476544e-07,5.794476544e-07,1.448726784e-07,0.0,input,/conv1/Conv,/relu/Relu,/maxpool/MaxPool,/layer1/layer1.0/conv1/Conv,/layer1/layer1.0/relu/Relu,/layer1/layer1.0/relu/Relu,/layer1/layer1.0/Add,/layer1/layer1.0/relu_1/Relu,/layer1/layer1.1/conv1/Conv,/layer1/layer1.1/relu/Relu,/layer1/layer1.1/conv2/Conv,/layer1/layer1.1/Add,/layer1/layer1.1/relu_1/Relu,/layer1/layer1.2/conv1/Conv,/layer1/layer1.2/relu/Relu,/layer1/layer1.2/conv2/Conv,/layer1/layer1.2/Add,/layer1/layer1.2/relu_1/Relu,/layer2/layer2.0/conv1/Conv,/layer2/layer2.0/relu/Relu,/layer2/layer2.0/conv2/Conv,/layer2/layer2.0/downsample/downsample.0/Conv,/layer2/layer2.0/Add,/layer2/layer2.0/relu_1/Relu,/layer2/layer2.1/conv1/Conv,/layer2/layer2.1/relu/Relu,/layer2/layer2.1/conv2/Conv,/layer2/layer2.1/conv2/Conv,/layer2/layer2.1/relu_1/Relu,/layer2/layer2.2/conv1/Conv,/layer2/layer2.2/relu/Relu,/layer2/layer2.2/conv2/Conv,/layer2/layer2.2/conv2/Conv,/layer2/layer2.2/relu_1/Relu,/layer2/layer2.3/conv1/Conv,/layer2/layer2.3/relu/Relu,/layer2/layer2.3/conv2/Conv,/layer2/layer2.3/Add,1,1,3,4,1,2,3,4,1,2,3,3,1,1,3,4,2,2,2,4,1,1,3,4,2,2,3,4,1,2,3,4,1,2,3,4,1,2,3,1,193.38398599999994,21.547883249978874,5.202196908563276,1.1575060000000001,4.8474992704e-05,0.8072509765625,nondom
16,0,30,0.0,5.45832,0.0,0.0,8.317440000000001,0.0,0.0,4.158720000000001,0.0,2.0793600000000003,0.0,2.0793600000000003,0.0,0.0,2.0793600000000003,0.0,2.0793600000000003,0.0,0.0,3.2294400000000003,0.0,6.458880000000001,0.13456,0.0,0.0,3.2294400000000003,0.0,6.458880000000001,0.0,0.0,1.6147200000000002,0.0,6.458880000000001,0.0,0.0,6.458880000000001,0.0,3.2294400000000003,0.0,128.70143999999993,0.0,0.3722226853433096,0.0,0.0,0.443263859243137,0.0,0.0,0.537702787514404,0.0,0.45044475850287985,0.0,0.45044475850287985,0.0,0.0,0.5211563824161014,0.0,0.45044475850287985,0.0,0.0,0.5507793964704805,0.0,0.9634292286100711,0.0917075795548139,0.0,0.0,0.893432605545443,0.0,0.9857145101042493,0.0,0.0,0.9397349186449317,0.0,0.9634292286100711,0.0,0.0,0.9857145101042493,0.0,0.893432605545443,0.0,10.984068577857604,0.0,0.0,0.10396999999999999,0.051986000000000004,0.07797799999999999,0.051986000000000004,0.0,0.025994,0.051986000000000004,0.07797799999999999,0.051986000000000004,0.051986000000000004,0.0,0.0,0.07797799999999999,0.051986000000000004,0.051986000000000004,0.0,0.0,0.039450000000000006,0.039450000000000006,0.0,0.026913999999999997,0.013458,0.026913999999999997,0.0,0.026913999999999997,0.026913999999999997,0.0,0.026913999999999997,0.040369999999999996,0.026913999999999997,0.026913999999999997,0.0,0.026913999999999997,0.040369999999999996,0.026913999999999997,0.026913999999999997,0.013458,2e-06,0.0,0.0,8.647642368000001e-06,2.1619521792000002e-06,4.8643300224e-06,2.1619521792000002e-06,0.0,5.405088384e-07,2.1619521792000002e-06,4.8643300224e-06,2.1619521792000002e-06,2.1619521792000002e-06,0.0,0.0,4.8643300224e-06,2.1619521792000002e-06,2.1619521792000002e-06,0.0,0.0,1.2449788800000002e-06,1.2449788800000002e-06,0.0,5.794476544e-07,1.448726784e-07,5.794476544e-07,0.0,5.794476544e-07,5.794476544e-07,0.0,5.794476544e-07,1.303724928e-06,5.794476544e-07,5.794476544e-07,0.0,5.794476544e-07,1.303724928e-06,5.794476544e-07,5.794476544e-07,1.448726784e-07,0.0,input,/conv1/Conv,/relu/Relu,/maxpool/MaxPool,/layer1/layer1.0/conv1/Conv,/layer1/layer1.0/relu/Relu,/layer1/layer1.0/relu/Relu,/layer1/layer1.0/Add,/layer1/layer1.0/relu_1/Relu,/layer1/layer1.1/conv1/Conv,/layer1/layer1.1/relu/Relu,/layer1/layer1.1/conv2/Conv,/layer1/layer1.1/Add,/layer1/layer1.1/relu_1/Relu,/layer1/layer1.2/conv1/Conv,/layer1/layer1.2/relu/Relu,/layer1/layer1.2/conv2/Conv,/layer1/layer1.2/Add,/layer1/layer1.2/relu_1/Relu,/layer2/layer2.0/conv1/Conv,/layer2/layer2.0/relu/Relu,/layer2/layer2.0/conv2/Conv,/layer2/layer2.0/downsample/downsample.0/Conv,/layer2/layer2.0/Add,/layer2/layer2.0/relu_1/Relu,/layer2/layer2.1/conv1/Conv,/layer2/layer2.1/relu/Relu,/layer2/layer2.1/conv2/Conv,/layer2/layer2.1/conv2/Conv,/layer2/layer2.1/relu_1/Relu,/layer2/layer2.2/conv1/Conv,/layer2/layer2.2/relu/Relu,/layer2/layer2.2/conv2/Conv,/layer2/layer2.2/conv2/Conv,/layer2/layer2.2/relu_1/Relu,/layer2/layer2.3/conv1/Conv,/layer2/layer2.3/relu/Relu,/layer2/layer2.3/conv2/Conv,/layer2/layer2.3/Add,1,1,3,4,1,2,3,4,1,2,3,2,2,2,3,4,2,2,2,4,1,1,3,4,2,2,3,4,1,2,3,4,1,2,3,4,1,2,3,1,193.40997799999994,21.477173247508993,5.202196908563276,1.1834980000000004,5.00964360448e-05,0.8072509765625,nondom
17,0,30,0.0,5.45832,0.0,0.0,8.317440000000001,0.0,0.0,4.158720000000001,0.0,2.0793600000000003,0.0,2.0793600000000003,0.0,0.0,2.0793600000000003,0.0,2.0793600000000003,0.0,0.0,3.2294400000000003,0.0,3.2294400000000003,0.13456,0.0,0.0,3.2294400000000003,0.0,6.458880000000001,0.0,0.0,1.6147200000000002,0.0,6.458880000000001,0.0,0.0,6.458880000000001,0.0,3.2294400000000003,0.0,32.33791999999999,0.0,0.3722226853433096,0.0,0.0,0.443263859243137,0.0,0.0,0.537702787514404,0.0,0.45044475850287985,0.0,0.5211563824161014,0.0,0.0,0.5211563824161014,0.0,0.45044475850287985,0.0,0.0,0.5507793964704805,0.0,0.893432605545443,0.0917075795548139,0.0,0.0,0.893432605545443,0.0,0.9857145101042493,0.0,0.0,0.9397349186449317,0.0,0.9634292286100711,0.0,0.0,0.9857145101042493,0.0,0.893432605545443,0.0,11.10029075838188,0.0,0.0,0.10396999999999999,0.051986000000000004,0.07797799999999999,0.051986000000000004,0.0,0.025994,0.051986000000000004,0.07797799999999999,0.051986000000000004,0.0,0.025994,0.0,0.07797799999999999,0.051986000000000004,0.051986000000000004,0.0,0.0,0.039450000000000006,0.039450000000000006,0.039450000000000006,0.026913999999999997,0.013458,0.026913999999999997,0.0,0.026913999999999997,0.026913999999999997,0.0,0.026913999999999997,0.040369999999999996,0.026913999999999997,0.026913999999999997,0.0,0.026913999999999997,0.040369999999999996,0.026913999999999997,0.026913999999999997,0.013458,0.0,0.0,0.0,8.647642368000001e-06,2.1619521792000002e-06,4.8643300224e-06,2.1619521792000002e-06,0.0,5.405088384e-07,2.1619521792000002e-06,4.8643300224e-06,2.1619521792000002e-06,0.0,5.405088384e-07,0.0,4.8643300224e-06,2.1619521792000002e-06,2.1619521792000002e-06,0.0,0.0,1.2449788800000002e-06,1.2449788800000002e-06,1.2449788800000002e-06,5.794476544e-07,1.448726784e-07,5.794476544e-07,0.0,5.794476544e-07,5.794476544e-07,0.0,5.794476544e-07,1.303724928e-06,5.794476544e-07,5.794476544e-07,0.0,5.794476544e-07,1.303724928e-06,5.794476544e-07,5.794476544e-07,1.448726784e-07,0.0,input,/conv1/Conv,/relu/Relu,/maxpool/MaxPool,/layer1/layer1.0/conv1/Conv,/layer1/layer1.0/relu/Relu,/layer1/layer1.0/relu/Relu,/layer1/layer1.0/Add,/layer1/layer1.0/relu_1/Relu,/layer1/layer1.1/conv1/Conv,/layer1/layer1.1/relu/Relu,/layer1/layer1.1/conv2/Conv,/layer1/layer1.1/Add,/layer1/layer1.1/relu_1/Relu,/layer1/layer1.2/conv1/Conv,/layer1/layer1.2/relu/Relu,/layer1/layer1.2/conv2/Conv,/layer1/layer1.2/Add,/layer1/layer1.2/relu_1/Relu,/layer2/layer2.0/conv1/Conv,/layer2/layer2.0/relu/Relu,/layer2/layer2.0/conv2/Conv,/layer2/layer2.0/downsample/downsample.0/Conv,/layer2/layer2.0/Add,/layer2/layer2.0/relu_1/Relu,/layer2/layer2.1/conv1/Conv,/layer2/layer2.1/relu/Relu,/layer2/layer2.1/conv2/Conv,/layer2/layer2.1/conv2/Conv,/layer2/layer2.1/relu_1/Relu,/layer2/layer2.2/conv1/Conv,/layer2/layer2.2/relu/Relu,/layer2/layer2.2/conv2/Conv,/layer2/layer2.2/conv2/Conv,/layer2/layer2.2/relu_1/Relu,/layer2/layer2.3/conv1/Conv,/layer2/layer2.3/relu/Relu,/layer2/layer2.3/conv2/Conv,/layer2/layer2.3/Add,1,1,3,4,1,2,3,4,1,2,3,3,1,1,3,4,2,2,2,4,1,2,3,4,2,2,3,4,1,2,3,4,1,2,3,4,1,2,3,3,93.83047400000001,21.594110052417403,11.471152346080077,1.1969540000000003,4.9719971584e-05,0.8072509765625,nondom
18,0,30,0.0,5.45832,0.0,0.0,8.317440000000001,0.0,0.0,4.158720000000001,0.0,2.0793600000000003,0.0,2.0793600000000003,0.0,0.0,2.0793600000000003,0.0,2.0793600000000003,0.0,0.0,3.2294400000000003,0.0,3.2294400000000003,0.13456,0.0,0.0,3.2294400000000003,0.0,6.458880000000001,0.0,0.0,1.6147200000000002,0.0,6.458880000000001,0.0,0.0,6.458880000000001,0.0,3.2294400000000003,0.0,32.33791999999999,0.0,0.3722226853433096,0.0,0.0,0.443263859243137,0.0,0.0,0.537702787514404,0.0,0.45044475850287985,0.0,0.45044475850287985,0.0,0.0,0.5211563824161014,0.0,0.45044475850287985,0.0,0.0,0.5507793964704805,0.0,0.893432605545443,0.0917075795548139,0.0,0.0,0.893432605545443,0.0,0.9857145101042493,0.0,0.0,0.9397349186449317,0.0,0.9634292286100711,0.0,0.0,0.9857145101042493,0.0,0.893432605545443,0.0,11.10029075838188,0.0,0.0,0.10396999999999999,0.051986000000000004,0.07797799999999999,0.051986000000000004,0.0,0.025994,0.051986000000000004,0.07797799999999999,0.051986000000000004,0.051986000000000004,0.0,0.0,0.07797799999999999,0.051986000000000004,0.051986000000000004,0.0,0.0,0.039450000000000006,0.039450000000000006,0.039450000000000006,0.026913999999999997,0.013458,0.026913999999999997,0.0,0.026913999999999997,0.026913999999999997,0.0,0.026913999999999997,0.040369999999999996,0.026913999999999997,0.026913999999999997,0.0,0.026913999999999997,0.040369999999999996,0.026913999999999997,0.026913999999999997,0.013458,0.0,0.0,0.0,8.647642368000001e-06,2.1619521792000002e-06,4.8643300224e-06,2.1619521792000002e-06,0.0,5.405088384e-07,2.1619521792000002e-06,4.8643300224e-06,2.1619521792000002e-06,2.1619521792000002e-06,0.0,0.0,4.8643300224e-06,2.1619521792000002e-06,2.1619521792000002e-06,0.0,0.0,1.2449788800000002e-06,1.2449788800000002e-06,1.2449788800000002e-06,5.794476544e-07,1.448726784e-07,5.794476544e-07,0.0,5.794476544e-07,5.794476544e-07,0.0,5.794476544e-07,1.303724928e-06,5.794476544e-07,5.794476544e-07,0.0,5.794476544e-07,1.303724928e-06,5.794476544e-07,5.794476544e-07,1.448726784e-07,0.0,input,/conv1/Conv,/relu/Relu,/maxpool/MaxPool,/layer1/layer1.0/conv1/Conv,/layer1/layer1.0/relu/Relu,/layer1/layer1.0/relu/Relu,/layer1/layer1.0/Add,/layer1/layer1.0/relu_1/Relu,/layer1/layer1.1/conv1/Conv,/layer1/layer1.1/relu/Relu,/layer1/layer1.1/conv2/Conv,/layer1/layer1.1/Add,/layer1/layer1.1/relu_1/Relu,/layer1/layer1.2/conv1/Conv,/layer1/layer1.2/relu/Relu,/layer1/layer1.2/conv2/Conv,/layer1/layer1.2/Add,/layer1/layer1.2/relu_1/Relu,/layer2/layer2.0/conv1/Conv,/layer2/layer2.0/relu/Relu,/layer2/layer2.0/conv2/Conv,/layer2/layer2.0/downsample/downsample.0/Conv,/layer2/layer2.0/Add,/layer2/layer2.0/relu_1/Relu,/layer2/layer2.1/conv1/Conv,/layer2/layer2.1/relu/Relu,/layer2/layer2.1/conv2/Conv,/layer2/layer2.1/conv2/Conv,/layer2/layer2.1/relu_1/Relu,/layer2/layer2.2/conv1/Conv,/layer2/layer2.2/relu/Relu,/layer2/layer2.2/conv2/Conv,/layer2/layer2.2/conv2/Conv,/layer2/layer2.2/relu_1/Relu,/layer2/layer2.3/conv1/Conv,/layer2/layer2.3/relu/Relu,/layer2/layer2.3/conv2/Conv,/layer2/layer2.3/Add,1,1,3,4,1,2,3,4,1,2,3,2,2,2,3,4,2,2,2,4,1,2,3,4,2,2,3,4,1,2,3,4,1,2,3,4,1,2,3,3,93.85646600000001,21.52340004994752,11.471152346080077,1.2229460000000003,5.13414149248e-05,0.8072509765625,nondom
19,0,30,0.0,3.6388800000000003,0.0,0.0,8.317440000000001,0.0,0.0,4.158720000000001,0.0,2.0793600000000003,0.0,2.0793600000000003,0.0,0.0,2.0793600000000003,0.0,2.0793600000000003,0.0,0.0,3.2294400000000003,0.0,6.458880000000001,0.13456,0.0,0.0,3.2294400000000003,0.0,6.458880000000001,0.0,0.0,1.6147200000000002,0.0,6.458880000000001,0.0,0.0,6.458880000000001,0.0,3.2294400000000003,0.0,128.70143999999993,0.0,0.4134326118925661,0.0,0.0,0.443263859243137,0.0,0.0,0.537702787514404,0.0,0.45044475850287985,0.0,0.5211563824161014,0.0,0.0,0.5211563824161014,0.0,0.45044475850287985,0.0,0.0,0.5507793964704805,0.0,0.9634292286100711,0.0917075795548139,0.0,0.0,0.893432605545443,0.0,0.9857145101042493,0.0,0.0,0.9397349186449317,0.0,0.9634292286100711,0.0,0.0,0.9857145101042493,0.0,0.893432605545443,0.0,10.984068577857604,0.0,0.0,0.10396999999999999,0.051986000000000004,0.07797799999999999,0.051986000000000004,0.0,0.025994,0.051986000000000004,0.07797799999999999,0.051986000000000004,0.0,0.025994,0.0,0.07797799999999999,0.051986000000000004,0.051986000000000004,0.0,0.0,0.039450000000000006,0.039450000000000006,0.0,0.026913999999999997,0.013458,0.026913999999999997,0.0,0.026913999999999997,0.026913999999999997,0.0,0.026913999999999997,0.040369999999999996,0.026913999999999997,0.026913999999999997,0.0,0.026913999999999997,0.040369999999999996,0.026913999999999997,0.026913999999999997,0.013458,2e-06,0.0,0.0,8.647642368000001e-06,2.1619521792000002e-06,4.8643300224e-06,2.1619521792000002e-06,0.0,5.405088384e-07,2.1619521792000002e-06,4.8643300224e-06,2.1619521792000002e-06,0.0,5.405088384e-07,0.0,4.8643300224e-06,2.1619521792000002e-06,2.1619521792000002e-06,0.0,0.0,1.2449788800000002e-06,1.2449788800000002e-06,0.0,5.794476544e-07,1.448726784e-07,5.794476544e-07,0.0,5.794476544e-07,5.794476544e-07,0.0,5.794476544e-07,1.303724928e-06,5.794476544e-07,5.794476544e-07,0.0,5.794476544e-07,1.303724928e-06,5.794476544e-07,5.794476544e-07,1.448726784e-07,0.0,input,/conv1/Conv,/relu/Relu,/maxpool/MaxPool,/layer1/layer1.0/conv1/Conv,/layer1/layer1.0/relu/Relu,/layer1/layer1.0/relu/Relu,/layer1/layer1.0/Add,/layer1/layer1.0/relu_1/Relu,/layer1/layer1.1/conv1/Conv,/layer1/layer1.1/relu/Relu,/layer1/layer1.1/conv2/Conv,/layer1/layer1.1/Add,/layer1/layer1.1/relu_1/Relu,/layer1/layer1.2/conv1/Conv,/layer1/layer1.2/relu/Relu,/layer1/layer1.2/conv2/Conv,/layer1/layer1.2/Add,/layer1/layer1.2/relu_1/Relu,/layer2/layer2.0/conv1/Conv,/layer2/layer2.0/relu/Relu,/layer2/layer2.0/conv2/Conv,/layer2/layer2.0/downsample/downsample.0/Conv,/layer2/layer2.0/Add,/layer2/layer2.0/relu_1/Relu,/layer2/layer2.1/conv1/Conv,/layer2/layer2.1/relu/Relu,/layer2/layer2.1/conv2/Conv,/layer2/layer2.1/conv2/Conv,/layer2/layer2.1/relu_1/Relu,/layer2/layer2.2/conv1/Conv,/layer2/layer2.2/relu/Relu,/layer2/layer2.2/conv2/Conv,/layer2/layer2.2/conv2/Conv,/layer2/layer2.2/relu_1/Relu,/layer2/layer2.3/conv1/Conv,/layer2/layer2.3/relu/Relu,/layer2/layer2.3/conv2/Conv,/layer2/layer2.3/Add,1,2,3,4,1,2,3,4,1,2,3,3,1,1,3,4,2,2,2,4,1,1,3,4,2,2,3,4,1,2,3,4,1,2,3,4,1,2,3,1,191.56454599999995,21.58909317652813,5.354231684886762,1.1575060000000001,4.8474992704e-05,0.8067626953125,nondom
20,0,30,0.0,3.6388800000000003,0.0,0.0,8.317440000000001,0.0,0.0,4.158720000000001,0.0,2.0793600000000003,0.0,2.0793600000000003,0.0,0.0,2.0793600000000003,0.0,2.0793600000000003,0.0,0.0,3.2294400000000003,0.0,6.458880000000001,0.13456,0.0,0.0,3.2294400000000003,0.0,6.458880000000001,0.0,0.0,1.6147200000000002,0.0,6.458880000000001,0.0,0.0,6.458880000000001,0.0,3.2294400000000003,0.0,128.70143999999993,0.0,0.4134326118925661,0.0,0.0,0.443263859243137,0.0,0.0,0.537702787514404,0.0,0.45044475850287985,0.0,0.45044475850287985,0.0,0.0,0.5211563824161014,0.0,0.45044475850287985,0.0,0.0,0.5507793964704805,0.0,0.9634292286100711,0.0917075795548139,0.0,0.0,0.893432605545443,0.0,0.9857145101042493,0.0,0.0,0.9397349186449317,0.0,0.9634292286100711,0.0,0.0,0.9857145101042493,0.0,0.893432605545443,0.0,10.984068577857604,0.0,0.0,0.10396999999999999,0.051986000000000004,0.07797799999999999,0.051986000000000004,0.0,0.025994,0.051986000000000004,0.07797799999999999,0.051986000000000004,0.051986000000000004,0.0,0.0,0.07797799999999999,0.051986000000000004,0.051986000000000004,0.0,0.0,0.039450000000000006,0.039450000000000006,0.0,0.026913999999999997,0.013458,0.026913999999999997,0.0,0.026913999999999997,0.026913999999999997,0.0,0.026913999999999997,0.040369999999999996,0.026913999999999997,0.026913999999999997,0.0,0.026913999999999997,0.040369999999999996,0.026913999999999997,0.026913999999999997,0.013458,2e-06,0.0,0.0,8.647642368000001e-06,2.1619521792000002e-06,4.8643300224e-06,2.1619521792000002e-06,0.0,5.405088384e-07,2.1619521792000002e-06,4.8643300224e-06,2.1619521792000002e-06,2.1619521792000002e-06,0.0,0.0,4.8643300224e-06,2.1619521792000002e-06,2.1619521792000002e-06,0.0,0.0,1.2449788800000002e-06,1.2449788800000002e-06,0.0,5.794476544e-07,1.448726784e-07,5.794476544e-07,0.0,5.794476544e-07,5.794476544e-07,0.0,5.794476544e-07,1.303724928e-06,5.794476544e-07,5.794476544e-07,0.0,5.794476544e-07,1.303724928e-06,5.794476544e-07,5.794476544e-07,1.448726784e-07,0.0,input,/conv1/Conv,/relu/Relu,/maxpool/MaxPool,/layer1/layer1.0/conv1/Conv,/layer1/layer1.0/relu/Relu,/layer1/layer1.0/relu/Relu,/layer1/layer1.0/Add,/layer1/layer1.0/relu_1/Relu,/layer1/layer1.1/conv1/Conv,/layer1/layer1.1/relu/Relu,/layer1/layer1.1/conv2/Conv,/layer1/layer1.1/Add,/layer1/layer1.1/relu_1/Relu,/layer1/layer1.2/conv1/Conv,/layer1/layer1.2/relu/Relu,/layer1/layer1.2/conv2/Conv,/layer1/layer1.2/Add,/layer1/layer1.2/relu_1/Relu,/layer2/layer2.0/conv1/Conv,/layer2/layer2.0/relu/Relu,/layer2/layer2.0/conv2/Conv,/layer2/layer2.0/downsample/downsample.0/Conv,/layer2/layer2.0/Add,/layer2/layer2.0/relu_1/Relu,/layer2/layer2.1/conv1/Conv,/layer2/layer2.1/relu/Relu,/layer2/layer2.1/conv2/Conv,/layer2/layer2.1/conv2/Conv,/layer2/layer2.1/relu_1/Relu,/layer2/layer2.2/conv1/Conv,/layer2/layer2.2/relu/Relu,/layer2/layer2.2/conv2/Conv,/layer2/layer2.2/conv2/Conv,/layer2/layer2.2/relu_1/Relu,/layer2/layer2.3/conv1/Conv,/layer2/layer2.3/relu/Relu,/layer2/layer2.3/conv2/Conv,/layer2/layer2.3/Add,1,2,3,4,1,2,3,4,1,2,3,2,2,2,3,4,2,2,2,4,1,1,3,4,2,2,3,4,1,2,3,4,1,2,3,4,1,2,3,1,191.59053799999995,21.51838317405825,5.354231684886762,1.1834980000000004,5.00964360448e-05,0.8067626953125,nondom
21,0,30,0.0,3.6388800000000003,0.0,0.0,8.317440000000001,0.0,0.0,4.158720000000001,0.0,2.0793600000000003,0.0,2.0793600000000003,0.0,0.0,2.0793600000000003,0.0,2.0793600000000003,0.0,0.0,3.2294400000000003,0.0,3.2294400000000003,0.13456,0.0,0.0,3.2294400000000003,0.0,6.458880000000001,0.0,0.0,1.6147200000000002,0.0,6.458880000000001,0.0,0.0,6.458880000000001,0.0,3.2294400000000003,0.0,32.33791999999999,0.0,0.4134326118925661,0.0,0.0,0.443263859243137,0.0,0.0,0.537702787514404,0.0,0.45044475850287985,0.0,0.5211563824161014,0.0,0.0,0.5211563824161014,0.0,0.45044475850287985,0.0,0.0,0.5507793964704805,0.0,0.893432605545443,0.0917075795548139,0.0,0.0,0.893432605545443,0.0,0.9857145101042493,0.0,0.0,0.9397349186449317,0.0,0.9634292286100711,0.0,0.0,0.9857145101042493,0.0,0.893432605545443,0.0,11.10029075838188,0.0,0.0,0.10396999999999999,0.051986000000000004,0.07797799999999999,0.051986000000000004,0.0,0.025994,0.051986000000000004,0.07797799999999999,0.051986000000000004,0.0,0.025994,0.0,0.07797799999999999,0.051986000000000004,0.051986000000000004,0.0,0.0,0.039450000000000006,0.039450000000000006,0.039450000000000006,0.026913999999999997,0.013458,0.026913999999999997,0.0,0.026913999999999997,0.026913999999999997,0.0,0.026913999999999997,0.040369999999999996,0.026913999999999997,0.026913999999999997,0.0,0.026913999999999997,0.040369999999999996,0.026913999999999997,0.026913999999999997,0.013458,0.0,0.0,0.0,8.647642368000001e-06,2.1619521792000002e-06,4.8643300224e-06,2.1619521792000002e-06,0.0,5.405088384e-07,2.1619521792000002e-06,4.8643300224e-06,2.1619521792000002e-06,0.0,5.405088384e-07,0.0,4.8643300224e-06,2.1619521792000002e-06,2.1619521792000002e-06,0.0,0.0,1.2449788800000002e-06,1.2449788800000002e-06,1.2449788800000002e-06,5.794476544e-07,1.448726784e-07,5.794476544e-07,0.0,5.794476544e-07,5.794476544e-07,0.0,5.794476544e-07,1.303724928e-06,5.794476544e-07,5.794476544e-07,0.0,5.794476544e-07,1.303724928e-06,5.794476544e-07,5.794476544e-07,1.448726784e-07,0.0,input,/conv1/Conv,/relu/Relu,/maxpool/MaxPool,/layer1/layer1.0/conv1/Conv,/layer1/layer1.0/relu/Relu,/layer1/layer1.0/relu/Relu,/layer1/layer1.0/Add,/layer1/layer1.0/relu_1/Relu,/layer1/layer1.1/conv1/Conv,/layer1/layer1.1/relu/Relu,/layer1/layer1.1/conv2/Conv,/layer1/layer1.1/Add,/layer1/layer1.1/relu_1/Relu,/layer1/layer1.2/conv1/Conv,/layer1/layer1.2/relu/Relu,/layer1/layer1.2/conv2/Conv,/layer1/layer1.2/Add,/layer1/layer1.2/relu_1/Relu,/layer2/layer2.0/conv1/Conv,/layer2/layer2.0/relu/Relu,/layer2/layer2.0/conv2/Conv,/layer2/layer2.0/downsample/downsample.0/Conv,/layer2/layer2.0/Add,/layer2/layer2.0/relu_1/Relu,/layer2/layer2.1/conv1/Conv,/layer2/layer2.1/relu/Relu,/layer2/layer2.1/conv2/Conv,/layer2/layer2.1/conv2/Conv,/layer2/layer2.1/relu_1/Relu,/layer2/layer2.2/conv1/Conv,/layer2/layer2.2/relu/Relu,/layer2/layer2.2/conv2/Conv,/layer2/layer2.2/conv2/Conv,/layer2/layer2.2/relu_1/Relu,/layer2/layer2.3/conv1/Conv,/layer2/layer2.3/relu/Relu,/layer2/layer2.3/conv2/Conv,/layer2/layer2.3/Add,1,2,3,4,1,2,3,4,1,2,3,3,1,1,3,4,2,2,2,4,1,2,3,4,2,2,3,4,1,2,3,4,1,2,3,4,1,2,3,3,92.011034,21.63531997896666,11.471152346080078,1.1969540000000003,4.9719971584e-05,0.8067626953125,nondom
22,0,30,0.0,3.6388800000000003,0.0,0.0,8.317440000000001,0.0,0.0,4.158720000000001,0.0,2.0793600000000003,0.0,2.0793600000000003,0.0,0.0,2.0793600000000003,0.0,2.0793600000000003,0.0,0.0,3.2294400000000003,0.0,3.2294400000000003,0.13456,0.0,0.0,3.2294400000000003,0.0,6.458880000000001,0.0,0.0,1.6147200000000002,0.0,6.458880000000001,0.0,0.0,6.458880000000001,0.0,3.2294400000000003,0.0,32.33791999999999,0.0,0.4134326118925661,0.0,0.0,0.443263859243137,0.0,0.0,0.537702787514404,0.0,0.45044475850287985,0.0,0.45044475850287985,0.0,0.0,0.5211563824161014,0.0,0.45044475850287985,0.0,0.0,0.5507793964704805,0.0,0.893432605545443,0.0917075795548139,0.0,0.0,0.893432605545443,0.0,0.9857145101042493,0.0,0.0,0.9397349186449317,0.0,0.9634292286100711,0.0,0.0,0.9857145101042493,0.0,0.893432605545443,0.0,11.10029075838188,0.0,0.0,0.10396999999999999,0.051986000000000004,0.07797799999999999,0.051986000000000004,0.0,0.025994,0.051986000000000004,0.07797799999999999,0.051986000000000004,0.051986000000000004,0.0,0.0,0.07797799999999999,0.051986000000000004,0.051986000000000004,0.0,0.0,0.039450000000000006,0.039450000000000006,0.039450000000000006,0.026913999999999997,0.013458,0.026913999999999997,0.0,0.026913999999999997,0.026913999999999997,0.0,0.026913999999999997,0.040369999999999996,0.026913999999999997,0.026913999999999997,0.0,0.026913999999999997,0.040369999999999996,0.026913999999999997,0.026913999999999997,0.013458,0.0,0.0,0.0,8.647642368000001e-06,2.1619521792000002e-06,4.8643300224e-06,2.1619521792000002e-06,0.0,5.405088384e-07,2.1619521792000002e-06,4.8643300224e-06,2.1619521792000002e-06,2.1619521792000002e-06,0.0,0.0,4.8643300224e-06,2.1619521792000002e-06,2.1619521792000002e-06,0.0,0.0,1.2449788800000002e-06,1.2449788800000002e-06,1.2449788800000002e-06,5.794476544e-07,1.448726784e-07,5.794476544e-07,0.0,5.794476544e-07,5.794476544e-07,0.0,5.794476544e-07,1.303724928e-06,5.794476544e-07,5.794476544e-07,0.0,5.794476544e-07,1.303724928e-06,5.794476544e-07,5.794476544e-07,1.448726784e-07,0.0,input,/conv1/Conv,/relu/Relu,/maxpool/MaxPool,/layer1/layer1.0/conv1/Conv,/layer1/layer1.0/relu/Relu,/layer1/layer1.0/relu/Relu,/layer1/layer1.0/Add,/layer1/layer1.0/relu_1/Relu,/layer1/layer1.1/conv1/Conv,/layer1/layer1.1/relu/Relu,/layer1/layer1.1/conv2/Conv,/layer1/layer1.1/Add,/layer1/layer1.1/relu_1/Relu,/layer1/layer1.2/conv1/Conv,/layer1/layer1.2/relu/Relu,/layer1/layer1.2/conv2/Conv,/layer1/layer1.2/Add,/layer1/layer1.2/relu_1/Relu,/layer2/layer2.0/conv1/Conv,/layer2/layer2.0/relu/Relu,/layer2/layer2.0/conv2/Conv,/layer2/layer2.0/downsample/downsample.0/Conv,/layer2/layer2.0/Add,/layer2/layer2.0/relu_1/Relu,/layer2/layer2.1/conv1/Conv,/layer2/layer2.1/relu/Relu,/layer2/layer2.1/conv2/Conv,/layer2/layer2.1/conv2/Conv,/layer2/layer2.1/relu_1/Relu,/layer2/layer2.2/conv1/Conv,/layer2/layer2.2/relu/Relu,/layer2/layer2.2/conv2/Conv,/layer2/layer2.2/conv2/Conv,/layer2/layer2.2/relu_1/Relu,/layer2/layer2.3/conv1/Conv,/layer2/layer2.3/relu/Relu,/layer2/layer2.3/conv2/Conv,/layer2/layer2.3/Add,1,2,3,4,1,2,3,4,1,2,3,2,2,2,3,4,2,2,2,4,1,2,3,4,2,2,3,4,1,2,3,4,1,2,3,4,1,2,3,3,92.037026,21.564609976496776,11.471152346080078,1.2229460000000003,5.13414149248e-05,0.8067626953125,nondom
23,0,29,0.0,5.45832,0.0,0.0,8.317440000000001,0.0,0.0,4.158720000000001,0.0,2.0793600000000003,0.0,8.317440000000001,0.0,0.0,2.0793600000000003,0.0,2.0793600000000003,0.0,0.0,3.2294400000000003,0.0,6.458880000000001,0.13456,0.0,0.0,3.2294400000000003,0.0,6.458880000000001,0.0,0.0,1.6147200000000002,0.0,6.458880000000001,0.0,0.0,6.458880000000001,0.0,3.2294400000000003,0.0,32.33791999999999,0.0,0.3722226853433096,0.0,0.0,0.443263859243137,0.0,0.0,0.537702787514404,0.0,0.45044475850287985,0.0,0.443263859243137,0.0,0.0,0.5211563824161014,0.0,0.45044475850287985,0.0,0.0,0.5507793964704805,0.0,0.9634292286100711,0.0917075795548139,0.0,0.0,0.893432605545443,0.0,0.9857145101042493,0.0,0.0,0.9397349186449317,0.0,0.9634292286100711,0.0,0.0,0.9857145101042493,0.0,0.893432605545443,0.0,11.10029075838188,0.0,0.0,0.10396999999999999,0.051986000000000004,0.07797799999999999,0.051986000000000004,0.0,0.025994,0.051986000000000004,0.07797799999999999,0.051986000000000004,0.051986000000000004,0.0,0.0,0.07797799999999999,0.051986000000000004,0.051986000000000004,0.0,0.0,0.039450000000000006,0.039450000000000006,0.0,0.026913999999999997,0.013458,0.026913999999999997,0.0,0.026913999999999997,0.026913999999999997,0.0,0.026913999999999997,0.040369999999999996,0.026913999999999997,0.026913999999999997,0.0,0.026913999999999997,0.040369999999999996,0.026913999999999997,0.026913999999999997,0.013458,0.0,0.0,0.0,8.647642368000001e-06,2.1619521792000002e-06,4.8643300224e-06,2.1619521792000002e-06,0.0,5.405088384e-07,2.1619521792000002e-06,4.8643300224e-06,2.1619521792000002e-06,2.1619521792000002e-06,0.0,0.0,4.8643300224e-06,2.1619521792000002e-06,2.1619521792000002e-06,0.0,0.0,1.2449788800000002e-06,1.2449788800000002e-06,0.0,5.794476544e-07,1.448726784e-07,5.794476544e-07,0.0,5.794476544e-07,5.794476544e-07,0.0,5.794476544e-07,1.303724928e-06,5.794476544e-07,5.794476544e-07,0.0,5.794476544e-07,1.303724928e-06,5.794476544e-07,5.794476544e-07,1.448726784e-07,0.0,input,/conv1/Conv,/relu/Relu,/maxpool/MaxPool,/layer1/layer1.0/conv1/Conv,/layer1/layer1.0/relu/Relu,/layer1/layer1.0/relu/Relu,/layer1/layer1.0/Add,/layer1/layer1.0/relu_1/Relu,/layer1/layer1.1/conv1/Conv,/layer1/layer1.1/relu/Relu,/layer1/layer1.1/conv2/Conv,/layer1/layer1.1/Add,/layer1/layer1.1/relu_1/Relu,/layer1/layer1.2/conv1/Conv,/layer1/layer1.2/relu/Relu,/layer1/layer1.2/conv2/Conv,/layer1/layer1.2/Add,/layer1/layer1.2/relu_1/Relu,/layer2/layer2.0/conv1/Conv,/layer2/layer2.0/relu/Relu,/layer2/layer2.0/conv2/Conv,/layer2/layer2.0/downsample/downsample.0/Conv,/layer2/layer2.0/Add,/layer2/layer2.0/relu_1/Relu,/layer2/layer2.1/conv1/Conv,/layer2/layer2.1/relu/Relu,/layer2/layer2.1/conv2/Conv,/layer2/layer2.1/conv2/Conv,/layer2/layer2.1/relu_1/Relu,/layer2/layer2.2/conv1/Conv,/layer2/layer2.2/relu/Relu,/layer2/layer2.2/conv2/Conv,/layer2/layer2.2/conv2/Conv,/layer2/layer2.2/relu_1/Relu,/layer2/layer2.3/conv1/Conv,/layer2/layer2.3/relu/Relu,/layer2/layer2.3/conv2/Conv,/layer2/layer2.3/Add,1,1,3,4,1,2,3,4,1,2,3,1,1,1,3,4,2,2,2,4,1,1,3,4,2,2,3,4,1,2,3,4,1,2,3,4,1,2,3,3,103.28453599999999,21.586214528773528,10.347390884693645,1.1834960000000003,5.00964360448e-05,0.8072509765625,nondom
24,0,29,0.0,5.45832,0.0,0.0,8.317440000000001,0.0,0.0,4.158720000000001,0.0,2.0793600000000003,0.0,2.0793600000000003,0.0,0.0,2.0793600000000003,0.0,2.0793600000000003,0.0,0.0,3.2294400000000003,0.0,6.458880000000001,0.13456,0.0,0.0,3.2294400000000003,0.0,6.458880000000001,0.0,0.0,1.6147200000000002,0.0,6.458880000000001,0.0,0.0,6.458880000000001,0.0,3.2294400000000003,0.0,32.33791999999999,0.0,0.3722226853433096,0.0,0.0,0.443263859243137,0.0,0.0,0.537702787514404,0.0,0.45044475850287985,0.0,0.5211563824161014,0.0,0.0,0.5211563824161014,0.0,0.45044475850287985,0.0,0.0,0.5507793964704805,0.0,0.9634292286100711,0.0917075795548139,0.0,0.0,0.893432605545443,0.0,0.9857145101042493,0.0,0.0,0.9397349186449317,0.0,0.9634292286100711,0.0,0.0,0.9857145101042493,0.0,0.893432605545443,0.0,11.10029075838188,0.0,0.0,0.10396999999999999,0.051986000000000004,0.07797799999999999,0.051986000000000004,0.0,0.025994,0.051986000000000004,0.07797799999999999,0.051986000000000004,0.0,0.025994,0.0,0.07797799999999999,0.051986000000000004,0.051986000000000004,0.0,0.0,0.039450000000000006,0.039450000000000006,0.0,0.026913999999999997,0.013458,0.026913999999999997,0.0,0.026913999999999997,0.026913999999999997,0.0,0.026913999999999997,0.040369999999999996,0.026913999999999997,0.026913999999999997,0.0,0.026913999999999997,0.040369999999999996,0.026913999999999997,0.026913999999999997,0.013458,0.0,0.0,0.0,8.647642368000001e-06,2.1619521792000002e-06,4.8643300224e-06,2.1619521792000002e-06,0.0,5.405088384e-07,2.1619521792000002e-06,4.8643300224e-06,2.1619521792000002e-06,0.0,5.405088384e-07,0.0,4.8643300224e-06,2.1619521792000002e-06,2.1619521792000002e-06,0.0,0.0,1.2449788800000002e-06,1.2449788800000002e-06,0.0,5.794476544e-07,1.448726784e-07,5.794476544e-07,0.0,5.794476544e-07,5.794476544e-07,0.0,5.794476544e-07,1.303724928e-06,5.794476544e-07,5.794476544e-07,0.0,5.794476544e-07,1.303724928e-06,5.794476544e-07,5.794476544e-07,1.448726784e-07,0.0,input,/conv1/Conv,/relu/Relu,/maxpool/MaxPool,/layer1/layer1.0/conv1/Conv,/layer1/layer1.0/relu/Relu,/layer1/layer1.0/relu/Relu,/layer1/layer1.0/Add,/layer1/layer1.0/relu_1/Relu,/layer1/layer1.1/conv1/Conv,/layer1/layer1.1/relu/Relu,/layer1/layer1.1/conv2/Conv,/layer1/layer1.1/Add,/layer1/layer1.1/relu_1/Relu,/layer1/layer1.2/conv1/Conv,/layer1/layer1.2/relu/Relu,/layer1/layer1.2/conv2/Conv,/layer1/layer1.2/Add,/layer1/layer1.2/relu_1/Relu,/layer2/layer2.0/conv1/Conv,/layer2/layer2.0/relu/Relu,/layer2/layer2.0/conv2/Conv,/layer2/layer2.0/downsample/downsample.0/Conv,/layer2/layer2.0/Add,/layer2/layer2.0/relu_1/Relu,/layer2/layer2.1/conv1/Conv,/layer2/layer2.1/relu/Relu,/layer2/layer2.1/conv2/Conv,/layer2/layer2.1/conv2/Conv,/layer2/layer2.1/relu_1/Relu,/layer2/layer2.2/conv1/Conv,/layer2/layer2.2/relu/Relu,/layer2/layer2.2/conv2/Conv,/layer2/layer2.2/conv2/Conv,/layer2/layer2.2/relu_1/Relu,/layer2/layer2.3/conv1/Conv,/layer2/layer2.3/relu/Relu,/layer2/layer2.3/conv2/Conv,/layer2/layer2.3/Add,1,1,3,4,1,2,3,4,1,2,3,3,1,1,3,4,2,2,2,4,1,1,3,4,2,2,3,4,1,2,3,4,1,2,3,4,1,2,3,3,97.02046399999999,21.66410543050315,11.061379150450687,1.157504,4.8474992704e-05,0.8072509765625,nondom
25,0,29,0.0,5.45832,0.0,0.0,8.317440000000001,0.0,0.0,4.158720000000001,0.0,2.0793600000000003,0.0,2.0793600000000003,0.0,0.0,2.0793600000000003,0.0,2.0793600000000003,0.0,0.0,3.2294400000000003,0.0,6.458880000000001,0.13456,0.0,0.0,3.2294400000000003,0.0,6.458880000000001,0.0,0.0,1.6147200000000002,0.0,6.458880000000001,0.0,0.0,6.458880000000001,0.0,3.2294400000000003,0.0,32.33791999999999,0.0,0.3722226853433096,0.0,0.0,0.443263859243137,0.0,0.0,0.537702787514404,0.0,0.45044475850287985,0.0,0.45044475850287985,0.0,0.0,0.5211563824161014,0.0,0.45044475850287985,0.0,0.0,0.5507793964704805,0.0,0.9634292286100711,0.0917075795548139,0.0,0.0,0.893432605545443,0.0,0.9857145101042493,0.0,0.0,0.9397349186449317,0.0,0.9634292286100711,0.0,0.0,0.9857145101042493,0.0,0.893432605545443,0.0,11.10029075838188,0.0,0.0,0.10396999999999999,0.051986000000000004,0.07797799999999999,0.051986000000000004,0.0,0.025994,0.051986000000000004,0.07797799999999999,0.051986000000000004,0.051986000000000004,0.0,0.0,0.07797799999999999,0.051986000000000004,0.051986000000000004,0.0,0.0,0.039450000000000006,0.039450000000000006,0.0,0.026913999999999997,0.013458,0.026913999999999997,0.0,0.026913999999999997,0.026913999999999997,0.0,0.026913999999999997,0.040369999999999996,0.026913999999999997,0.026913999999999997,0.0,0.026913999999999997,0.040369999999999996,0.026913999999999997,0.026913999999999997,0.013458,0.0,0.0,0.0,8.647642368000001e-06,2.1619521792000002e-06,4.8643300224e-06,2.1619521792000002e-06,0.0,5.405088384e-07,2.1619521792000002e-06,4.8643300224e-06,2.1619521792000002e-06,2.1619521792000002e-06,0.0,0.0,4.8643300224e-06,2.1619521792000002e-06,2.1619521792000002e-06,0.0,0.0,1.2449788800000002e-06,1.2449788800000002e-06,0.0,5.794476544e-07,1.448726784e-07,5.794476544e-07,0.0,5.794476544e-07,5.794476544e-07,0.0,5.794476544e-07,1.303724928e-06,5.794476544e-07,5.794476544e-07,0.0,5.794476544e-07,1.303724928e-06,5.794476544e-07,5.794476544e-07,1.448726784e-07,0.0,input,/conv1/Conv,/relu/Relu,/maxpool/MaxPool,/layer1/layer1.0/conv1/Conv,/layer1/layer1.0/relu/Relu,/layer1/layer1.0/relu/Relu,/layer1/layer1.0/Add,/layer1/layer1.0/relu_1/Relu,/layer1/layer1.1/conv1/Conv,/layer1/layer1.1/relu/Relu,/layer1/layer1.1/conv2/Conv,/layer1/layer1.1/Add,/layer1/layer1.1/relu_1/Relu,/layer1/layer1.2/conv1/Conv,/layer1/layer1.2/relu/Relu,/layer1/layer1.2/conv2/Conv,/layer1/layer1.2/Add,/layer1/layer1.2/relu_1/Relu,/layer2/layer2.0/conv1/Conv,/layer2/layer2.0/relu/Relu,/layer2/layer2.0/conv2/Conv,/layer2/layer2.0/downsample/downsample.0/Conv,/layer2/layer2.0/Add,/layer2/layer2.0/relu_1/Relu,/layer2/layer2.1/conv1/Conv,/layer2/layer2.1/relu/Relu,/layer2/layer2.1/conv2/Conv,/layer2/layer2.1/conv2/Conv,/layer2/layer2.1/relu_1/Relu,/layer2/layer2.2/conv1/Conv,/layer2/layer2.2/relu/Relu,/layer2/layer2.2/conv2/Conv,/layer2/layer2.2/conv2/Conv,/layer2/layer2.2/relu_1/Relu,/layer2/layer2.3/conv1/Conv,/layer2/layer2.3/relu/Relu,/layer2/layer2.3/conv2/Conv,/layer2/layer2.3/Add,1,1,3,4,1,2,3,4,1,2,3,2,2,2,3,4,2,2,2,4,1,1,3,4,2,2,3,4,1,2,3,4,1,2,3,4,1,2,3,3,97.04645599999999,21.59339542803327,11.061379150450687,1.1834960000000003,5.00964360448e-05,0.8072509765625,nondom
26,0,29,0.0,3.6388800000000003,0.0,0.0,8.317440000000001,0.0,0.0,4.158720000000001,0.0,2.0793600000000003,0.0,2.0793600000000003,0.0,0.0,2.0793600000000003,0.0,2.0793600000000003,0.0,0.0,3.2294400000000003,0.0,6.458880000000001,0.13456,0.0,0.0,3.2294400000000003,0.0,6.458880000000001,0.0,0.0,1.6147200000000002,0.0,6.458880000000001,0.0,0.0,6.458880000000001,0.0,3.2294400000000003,0.0,32.33791999999999,0.0,0.4134326118925661,0.0,0.0,0.443263859243137,0.0,0.0,0.537702787514404,0.0,0.45044475850287985,0.0,0.5211563824161014,0.0,0.0,0.5211563824161014,0.0,0.45044475850287985,0.0,0.0,0.5507793964704805,0.0,0.9634292286100711,0.0917075795548139,0.0,0.0,0.893432605545443,0.0,0.9857145101042493,0.0,0.0,0.9397349186449317,0.0,0.9634292286100711,0.0,0.0,0.9857145101042493,0.0,0.893432605545443,0.0,11.10029075838188,0.0,0.0,0.10396999999999999,0.051986000000000004,0.07797799999999999,0.051986000000000004,0.0,0.025994,0.051986000000000004,0.07797799999999999,0.051986000000000004,0.0,0.025994,0.0,0.07797799999999999,0.051986000000000004,0.051986000000000004,0.0,0.0,0.039450000000000006,0.039450000000000006,0.0,0.026913999999999997,0.013458,0.026913999999999997,0.0,0.026913999999999997,0.026913999999999997,0.0,0.026913999999999997,0.040369999999999996,0.026913999999999997,0.026913999999999997,0.0,0.026913999999999997,0.040369999999999996,0.026913999999999997,0.026913999999999997,0.013458,0.0,0.0,0.0,8.647642368000001e-06,2.1619521792000002e-06,4.8643300224e-06,2.1619521792000002e-06,0.0,5.405088384e-07,2.1619521792000002e-06,4.8643300224e-06,2.1619521792000002e-06,0.0,5.405088384e-07,0.0,4.8643300224e-06,2.1619521792000002e-06,2.1619521792000002e-06,0.0,0.0,1.2449788800000002e-06,1.2449788800000002e-06,0.0,5.794476544e-07,1.448726784e-07,5.794476544e-07,0.0,5.794476544e-07,5.794476544e-07,0.0,5.794476544e-07,1.303724928e-06,5.794476544e-07,5.794476544e-07,0.0,5.794476544e-07,1.303724928e-06,5.794476544e-07,5.794476544e-07,1.448726784e-07,0.0,input,/conv1/Conv,/relu/Relu,/maxpool/MaxPool,/layer1/layer1.0/conv1/Conv,/layer1/layer1.0/relu/Relu,/layer1/layer1.0/relu/Relu,/layer1/layer1.0/Add,/layer1/layer1.0/relu_1/Relu,/layer1/layer1.1/conv1/Conv,/layer1/layer1.1/relu/Relu,/layer1/layer1.1/conv2/Conv,/layer1/layer1.1/Add,/layer1/layer1.1/relu_1/Relu,/layer1/layer1.2/conv1/Conv,/layer1/layer1.2/relu/Relu,/layer1/layer1.2/conv2/Conv,/layer1/layer1.2/Add,/layer1/layer1.2/relu_1/Relu,/layer2/layer2.0/conv1/Conv,/layer2/layer2.0/relu/Relu,/layer2/layer2.0/conv2/Conv,/layer2/layer2.0/downsample/downsample.0/Conv,/layer2/layer2.0/Add,/layer2/layer2.0/relu_1/Relu,/layer2/layer2.1/conv1/Conv,/layer2/layer2.1/relu/Relu,/layer2/layer2.1/conv2/Conv,/layer2/layer2.1/conv2/Conv,/layer2/layer2.1/relu_1/Relu,/layer2/layer2.2/conv1/Conv,/layer2/layer2.2/relu/Relu,/layer2/layer2.2/conv2/Conv,/layer2/layer2.2/conv2/Conv,/layer2/layer2.2/relu_1/Relu,/layer2/layer2.3/conv1/Conv,/layer2/layer2.3/relu/Relu,/layer2/layer2.3/conv2/Conv,/layer2/layer2.3/Add,1,2,3,4,1,2,3,4,1,2,3,3,1,1,3,4,2,2,2,4,1,1,3,4,2,2,3,4,1,2,3,4,1,2,3,4,1,2,3,3,95.201024,21.705315357052406,11.061379150450685,1.157504,4.8474992704e-05,0.8067626953125,nondom
27,0,29,0.0,3.6388800000000003,0.0,0.0,8.317440000000001,0.0,0.0,4.158720000000001,0.0,2.0793600000000003,0.0,2.0793600000000003,0.0,0.0,2.0793600000000003,0.0,2.0793600000000003,0.0,0.0,3.2294400000000003,0.0,6.458880000000001,0.13456,0.0,0.0,3.2294400000000003,0.0,6.458880000000001,0.0,0.0,1.6147200000000002,0.0,6.458880000000001,0.0,0.0,6.458880000000001,0.0,3.2294400000000003,0.0,32.33791999999999,0.0,0.4134326118925661,0.0,0.0,0.443263859243137,0.0,0.0,0.537702787514404,0.0,0.45044475850287985,0.0,0.45044475850287985,0.0,0.0,0.5211563824161014,0.0,0.45044475850287985,0.0,0.0,0.5507793964704805,0.0,0.9634292286100711,0.0917075795548139,0.0,0.0,0.893432605545443,0.0,0.9857145101042493,0.0,0.0,0.9397349186449317,0.0,0.9634292286100711,0.0,0.0,0.9857145101042493,0.0,0.893432605545443,0.0,11.10029075838188,0.0,0.0,0.10396999999999999,0.051986000000000004,0.07797799999999999,0.051986000000000004,0.0,0.025994,0.051986000000000004,0.07797799999999999,0.051986000000000004,0.051986000000000004,0.0,0.0,0.07797799999999999,0.051986000000000004,0.051986000000000004,0.0,0.0,0.039450000000000006,0.039450000000000006,0.0,0.026913999999999997,0.013458,0.026913999999999997,0.0,0.026913999999999997,0.026913999999999997,0.0,0.026913999999999997,0.040369999999999996,0.026913999999999997,0.026913999999999997,0.0,0.026913999999999997,0.040369999999999996,0.026913999999999997,0.026913999999999997,0.013458,0.0,0.0,0.0,8.647642368000001e-06,2.1619521792000002e-06,4.8643300224e-06,2.1619521792000002e-06,0.0,5.405088384e-07,2.1619521792000002e-06,4.8643300224e-06,2.1619521792000002e-06,2.1619521792000002e-06,0.0,0.0,4.8643300224e-06,2.1619521792000002e-06,2.1619521792000002e-06,0.0,0.0,1.2449788800000002e-06,1.2449788800000002e-06,0.0,5.794476544e-07,1.448726784e-07,5.794476544e-07,0.0,5.794476544e-07,5.794476544e-07,0.0,5.794476544e-07,1.303724928e-06,5.794476544e-07,5.794476544e-07,0.0,5.794476544e-07,1.303724928e-06,5.794476544e-07,5.794476544e-07,1.448726784e-07,0.0,input,/conv1/Conv,/relu/Relu,/maxpool/MaxPool,/layer1/layer1.0/conv1/Conv,/layer1/layer1.0/relu/Relu,/layer1/layer1.0/relu/Relu,/layer1/layer1.0/Add,/layer1/layer1.0/relu_1/Relu,/layer1/layer1.1/conv1/Conv,/layer1/layer1.1/relu/Relu,/layer1/layer1.1/conv2/Conv,/layer1/layer1.1/Add,/layer1/layer1.1/relu_1/Relu,/layer1/layer1.2/conv1/Conv,/layer1/layer1.2/relu/Relu,/layer1/layer1.2/conv2/Conv,/layer1/layer1.2/Add,/layer1/layer1.2/relu_1/Relu,/layer2/layer2.0/conv1/Conv,/layer2/layer2.0/relu/Relu,/layer2/layer2.0/conv2/Conv,/layer2/layer2.0/downsample/downsample.0/Conv,/layer2/layer2.0/Add,/layer2/layer2.0/relu_1/Relu,/layer2/layer2.1/conv1/Conv,/layer2/layer2.1/relu/Relu,/layer2/layer2.1/conv2/Conv,/layer2/layer2.1/conv2/Conv,/layer2/layer2.1/relu_1/Relu,/layer2/layer2.2/conv1/Conv,/layer2/layer2.2/relu/Relu,/layer2/layer2.2/conv2/Conv,/layer2/layer2.2/conv2/Conv,/layer2/layer2.2/relu_1/Relu,/layer2/layer2.3/conv1/Conv,/layer2/layer2.3/relu/Relu,/layer2/layer2.3/conv2/Conv,/layer2/layer2.3/Add,1,2,3,4,1,2,3,4,1,2,3,2,2,2,3,4,2,2,2,4,1,1,3,4,2,2,3,4,1,2,3,4,1,2,3,4,1,2,3,3,95.227016,21.634605354582526,11.061379150450685,1.1834960000000003,5.00964360448e-05,0.8067626953125,nondom
